{"SSP1": {"CEPII": 944.9472705904858, "OECD": 355.3919451134562, "IIASA": 483.2756739965967, "PIK": 2763.8373721399525, "distrib norm": [1136.863065460123, 1008.0384305009563]}, "SSP2": {"CEPII": 977.3141378371364, "OECD": 384.4846503948303, "IIASA": 551.3009864298342, "PIK": -910.0153988414476, "distrib norm": [250.77109395508828, 719.315535576372]}, "SSP3": {"CEPII": 1060.8049619717046, "OECD": 416.20883916990476, "IIASA": 661.9851635195208, "PIK": -208.62165805459117, "distrib norm": [482.59432665163484, 478.88780303737576]}, "SSP4": {"CEPII": 988.7877596610921, "OECD": 419.0997705406092, "IIASA": 643.9509981372917, "PIK": -407.94746367029614, "distrib norm": [410.9727661671742, 530.4990127090734]}, "SSP5": {"CEPII": 959.391899306952, "OECD": 328.1501516212115, "IIASA": 446.8979346996731, "PIK": 1409.292437268993, "distrib norm": [785.9331057242075, 465.5879086517173]}}