{"SSP1": {"CEPII": 263.21298163375764, "OECD": 228.40231367640962, "IIASA": 355.44193697404177, "PIK": 193.5941452138332, "distrib norm": [260.16284437451054, 63.00743455709894]}, "SSP2": {"CEPII": 262.829151863411, "OECD": 228.38346058866495, "IIASA": 358.05754401833684, "PIK": 195.36121986107878, "distrib norm": [261.15784408287294, 63.559072637592436]}, "SSP3": {"CEPII": 270.7348375428198, "OECD": 228.8222806891651, "IIASA": 362.5231006335333, "PIK": 197.31038273508995, "distrib norm": [264.8476504001521, 64.87952511893762]}, "SSP4": {"CEPII": 273.21117820599846, "OECD": 231.30173335195525, "IIASA": 368.41445358424824, "PIK": 195.36259162350916, "distrib norm": [267.0724891914278, 67.3822343471418]}, "SSP5": {"CEPII": 253.9193260762826, "OECD": 228.32107624219864, "IIASA": 353.1946727401187, "PIK": 197.2660744512541, "distrib norm": [258.1752873774636, 61.189286948521534]}}