{"SSP1": {"CEPII": 3109.5142515241773, "OECD": 212.27698678235757, "IIASA": 193.61226332883723, "PIK": 202.59205575909112, "distrib norm": [929.4988893486158, 1263.2513583227847]}, "SSP2": {"CEPII": 3178.0560950858103, "OECD": 213.58261663466962, "IIASA": 194.25509823536208, "PIK": 202.89697085683542, "distrib norm": [947.1976952031692, 1292.6999572087768]}, "SSP3": {"CEPII": 3416.917200197766, "OECD": 217.58225862097936, "IIASA": 219.18732183912377, "PIK": 210.67911525845622, "distrib norm": [1016.0914739790815, 1391.1624784143878]}, "SSP4": {"CEPII": 3070.960984710472, "OECD": 214.184702743897, "IIASA": 194.46857570551848, "PIK": 200.82857854475247, "distrib norm": [920.1107104261599, 1246.365052142186]}, "SSP5": {"CEPII": 2958.2891244122407, "OECD": 208.87299005205082, "IIASA": 191.17065496803258, "PIK": 198.41470137018297, "distrib norm": [889.1868677006267, 1199.0052340548634]}}