{"SSP1": {"CEPII": 257.2339644848545, "OECD": 253.8342737830653, "IIASA": 270.40748198248485, "PIK": 258.12268900769317, "distrib norm": [259.89960231452443, 15.988513644615452]}, "SSP2": {"CEPII": 265.19739337963745, "OECD": 258.9274020232639, "IIASA": 274.2932220567842, "PIK": 260.6487356876278, "distrib norm": [264.76668828682836, 16.12213679468157]}, "SSP3": {"CEPII": 288.9977890389623, "OECD": 260.40597887331865, "IIASA": 271.1333606003031, "PIK": 266.3993654360896, "distrib norm": [271.7341234871684, 18.71981359738012]}, "SSP4": {"CEPII": 244.06388944866643, "OECD": 265.8469544492925, "IIASA": 306.3555029592407, "PIK": 254.02504990928867, "distrib norm": [267.5728491916221, 28.137291222551895]}, "SSP5": {"CEPII": 240.9971753669994, "OECD": 245.1613948388374, "IIASA": 266.91357983897745, "PIK": 270.7343792414172, "distrib norm": [255.95163232155787, 19.489894598010768]}}