{"SSP1": {"CEPII": 302.2763835159956, "OECD": 332.126050844931, "IIASA": 385.9591443807251, "PIK": 340.64339484330907, "distrib norm": [340.25124339624017, 38.11046343779761]}, "SSP2": {"CEPII": 306.28775359868996, "OECD": 336.32446244440416, "IIASA": 395.9270875414554, "PIK": 358.3094365787781, "distrib norm": [349.2121850408319, 40.63910207983629]}, "SSP3": {"CEPII": 319.53337788290054, "OECD": 342.5166318483914, "IIASA": 422.8799160576271, "PIK": 405.6343612638362, "distrib norm": [372.6410717631888, 50.020288513234206]}, "SSP4": {"CEPII": 320.006416869566, "OECD": 346.02987332816576, "IIASA": 424.5076842186328, "PIK": 375.02622350192013, "distrib norm": [366.3925494795712, 46.34680375745409]}, "SSP5": {"CEPII": 294.3569658642963, "OECD": 330.63898577447867, "IIASA": 383.0061973410959, "PIK": 349.6214758682295, "distrib norm": [339.40590621202506, 39.734454603062765]}}