{"SSP1": {"CEPII": 437.27640682121364, "OECD": 298.2530890498509, "IIASA": 466.8285493214134, "PIK": 316.21224974280176, "distrib norm": [379.6425737338199, 73.43484744015191]}, "SSP2": {"CEPII": 452.8935627378885, "OECD": 315.15757878939473, "IIASA": 446.2935960783597, "PIK": 326.41215917365787, "distrib norm": [385.1892241948253, 64.56933570110786]}, "SSP3": {"CEPII": 532.693785782685, "OECD": 353.2776313575956, "IIASA": 502.50279292846966, "PIK": 355.7663351841684, "distrib norm": [436.0601363132297, 82.23856524520457]}, "SSP4": {"CEPII": 512.2171404393031, "OECD": 332.1558496335741, "IIASA": 524.1088755858946, "PIK": 325.07454468358054, "distrib norm": [423.38910258558803, 94.90014715721948]}, "SSP5": {"CEPII": 381.955318278201, "OECD": 267.1982356433964, "IIASA": 432.07076351267824, "PIK": 312.58990047563805, "distrib norm": [348.4535544774784, 63.25115481512524]}}