{"SSP1": {"CEPII": 323.82702364574794, "OECD": 432.49774189031757, "IIASA": 276.55795626774824, "PIK": 316.7724026908241, "distrib norm": [337.4137811236595, 62.40393931357089]}, "SSP2": {"CEPII": 324.47256225059016, "OECD": 434.6024958854878, "IIASA": 276.10154102203313, "PIK": 324.9431968220929, "distrib norm": [340.02994899505103, 62.76283305144435]}, "SSP3": {"CEPII": 330.0093853312303, "OECD": 430.8918037019953, "IIASA": 274.2132806354282, "PIK": 351.4756306848468, "distrib norm": [346.6475250883752, 61.201101675455504]}, "SSP4": {"CEPII": 335.2408299288594, "OECD": 437.04718538579584, "IIASA": 280.4247022000449, "PIK": 317.415545633414, "distrib norm": [342.5320657870285, 62.77526470207015]}, "SSP5": {"CEPII": 317.9505087891903, "OECD": 433.5549996552999, "IIASA": 277.051862464921, "PIK": 328.31267001761205, "distrib norm": [339.21751023175574, 62.41058993328233]}}