{"SSP1": {"CEPII": 91.95363863468468, "OECD": 83.3911820722308, "IIASA": 99.87401770960393, "PIK": 87.95451492735104, "distrib norm": [90.79333833596762, 6.055077835339397]}, "SSP2": {"CEPII": 97.15904647709992, "OECD": 87.50466940605155, "IIASA": 106.96948157710989, "PIK": 89.35168747207453, "distrib norm": [95.24622123308399, 7.677416337190914]}, "SSP3": {"CEPII": 113.99834992381369, "OECD": 93.18005529147355, "IIASA": 122.79896210070844, "PIK": 100.89921075868163, "distrib norm": [107.71914451866932, 11.45344850770447]}, "SSP4": {"CEPII": 110.72122907569991, "OECD": 90.15683633214665, "IIASA": 127.71636315643762, "PIK": 86.37253239353615, "distrib norm": [103.74174023945507, 16.656341163295025]}, "SSP5": {"CEPII": 79.97173172938633, "OECD": 76.74791953345128, "IIASA": 93.08231386336404, "PIK": 86.71212236755197, "distrib norm": [84.1285218734384, 6.296776510937008]}}