{"SSP1": {"CEPII": 639.7192667996895, "OECD": 626.4096371055299, "IIASA": 757.8742111291197, "PIK": 915.3921171990411, "distrib norm": [734.8488080583451, 116.87334907972642]}, "SSP2": {"CEPII": 660.2546811112511, "OECD": 670.1518350695686, "IIASA": 761.8872167876673, "PIK": 910.3425020177865, "distrib norm": [750.6590587465683, 101.25154877940007]}, "SSP3": {"CEPII": 744.6759605766683, "OECD": 707.2541142583589, "IIASA": 787.6953573130555, "PIK": 1006.0318023978084, "distrib norm": [811.4143086364727, 116.82781507807543]}, "SSP4": {"CEPII": 724.9242141288661, "OECD": 668.7026481490911, "IIASA": 819.0354419046135, "PIK": 876.0040635365235, "distrib norm": [772.1665919297734, 81.67134282675866]}, "SSP5": {"CEPII": 555.6431167542487, "OECD": 563.2846386069895, "IIASA": 712.2335220191309, "PIK": 904.1048448227912, "distrib norm": [683.8165305507902, 142.22345811608875]}}