{"SSP1": {"CEPII": 518713.61258280993, "OECD": 303.5060448549547, "IIASA": 208.6521005459138, "PIK": 361.72666283683276, "distrib norm": [129896.8743477619, 225192.52880608907]}, "SSP2": {"CEPII": 536955.5872275357, "OECD": 304.5453357752191, "IIASA": 208.72945173547853, "PIK": 362.231779343633, "distrib norm": [134457.7734485975, 233116.22450259092]}, "SSP3": {"CEPII": 602096.5985631791, "OECD": 314.7589239233673, "IIASA": 221.5229256816814, "PIK": 386.1091300625174, "distrib norm": [150754.74738571164, 261405.36083052115]}, "SSP4": {"CEPII": 510563.81139520596, "OECD": 306.33294311275023, "IIASA": 209.1341447436839, "PIK": 357.8486051166531, "distrib norm": [127859.28177204475, 221652.50866945335]}, "SSP5": {"CEPII": 477724.61837463954, "OECD": 294.9961494860809, "IIASA": 203.62241330757152, "PIK": 347.89165341247025, "distrib norm": [119642.78214771138, 207391.71232490116]}}