{"SSP1": {"CEPII": 18072.50417382201, "OECD": 210.65346975989448, "IIASA": 167.69743029295685, "PIK": 172.41638976168466, "distrib norm": [4655.817865909136, 7771.096672442285]}, "SSP2": {"CEPII": 18232.655035978532, "OECD": 212.49016998750065, "IIASA": 168.01064374132295, "PIK": 172.95778313390545, "distrib norm": [4696.528408210314, 7840.276707867221]}, "SSP3": {"CEPII": 19099.07111722883, "OECD": 215.5729818355806, "IIASA": 196.45369795348887, "PIK": 176.70415598169532, "distrib norm": [4921.950488249899, 8211.547833612543]}, "SSP4": {"CEPII": 17903.443187120058, "OECD": 212.26256490077097, "IIASA": 168.63507681456093, "PIK": 171.1348490633613, "distrib norm": [4613.868919474688, 7697.479896066428]}, "SSP5": {"CEPII": 17387.053244476363, "OECD": 208.03378319928498, "IIASA": 166.0476472793862, "PIK": 171.39144913391326, "distrib norm": [4483.131531022236, 7474.112837911173]}}