{"SSP1": {"CEPII": 253.0563130719699, "OECD": 242.97266033783163, "IIASA": 350.38543782239276, "PIK": 253.18911973970225, "distrib norm": [274.90088274297415, 53.4279384266524]}, "SSP2": {"CEPII": 253.2588691279957, "OECD": 243.05183430394064, "IIASA": 351.7029092805921, "PIK": 257.23043509361025, "distrib norm": [276.31101195153474, 53.56239655940764]}, "SSP3": {"CEPII": 260.0422123998179, "OECD": 242.87964054920934, "IIASA": 353.6329264738425, "PIK": 270.57565572368486, "distrib norm": [281.78260878663866, 52.931987813982126]}, "SSP4": {"CEPII": 261.219371320754, "OECD": 244.7064584008666, "IIASA": 359.0741815975103, "PIK": 251.91791485272725, "distrib norm": [279.2294815429645, 55.94076117506322]}, "SSP5": {"CEPII": 243.56862170723468, "OECD": 241.59213059758093, "IIASA": 347.4743315200102, "PIK": 253.06952163435142, "distrib norm": [271.42615136479435, 53.49812616248064]}}