{"SSP1": {"CEPII": 389.43338745492326, "OECD": 347.57093938994893, "IIASA": 431.6649474529844, "PIK": 486.1838348589178, "distrib norm": [413.7132772891936, 60.140769677642744]}, "SSP2": {"CEPII": 405.6962291677984, "OECD": 358.22675201423914, "IIASA": 442.21647135572033, "PIK": 495.12288407573226, "distrib norm": [425.3155841533725, 59.56278058016199]}, "SSP3": {"CEPII": 458.4213340161648, "OECD": 371.99517539662435, "IIASA": 468.53362875654466, "PIK": 546.2839863106883, "distrib norm": [461.30853112000545, 70.98511005581409]}, "SSP4": {"CEPII": 454.08646226572665, "OECD": 370.8522837059875, "IIASA": 514.4839379114717, "PIK": 481.6409212281845, "distrib norm": [455.26590127784254, 63.40218942187742]}, "SSP5": {"CEPII": 355.18432317010047, "OECD": 330.0755121255644, "IIASA": 418.2099231199244, "PIK": 496.235560229263, "distrib norm": [399.92632966121306, 71.06310621025882]}}