{"SSP1": {"CEPII": 463.93074552749647, "OECD": 411.1506465709392, "IIASA": 612.6897419911496, "PIK": 431.6934445226789, "distrib norm": [479.86614465306604, 85.76538542401589]}, "SSP2": {"CEPII": 465.3017778070753, "OECD": 412.9843215695245, "IIASA": 632.5196682612677, "PIK": 458.29737840630077, "distrib norm": [492.27578651104204, 90.22808237157638]}, "SSP3": {"CEPII": 474.75969843263374, "OECD": 417.1946751648997, "IIASA": 669.721431735885, "PIK": 546.8065985508681, "distrib norm": [527.1206009710716, 101.22347873683258]}, "SSP4": {"CEPII": 469.14456997235084, "OECD": 418.9602057523017, "IIASA": 672.3364268469915, "PIK": 469.0733943368556, "distrib norm": [507.3786492271249, 103.70520397139711]}, "SSP5": {"CEPII": 460.21791294095834, "OECD": 409.2813319525853, "IIASA": 607.4595243323615, "PIK": 427.3796699253346, "distrib norm": [476.0846097878098, 84.79231995263346]}}