{"SSP1": {"CEPII": 258.0097387685405, "OECD": 251.42034827829804, "IIASA": 322.1270585872094, "PIK": 310.23587454316805, "distrib norm": [285.448255044304, 36.8572006684584]}, "SSP2": {"CEPII": 259.5750998547284, "OECD": 252.03067880318486, "IIASA": 323.12573856123214, "PIK": 310.0764498283848, "distrib norm": [286.20199176188254, 36.67828830826042]}, "SSP3": {"CEPII": 271.957382969521, "OECD": 258.6714308561704, "IIASA": 278.24595372034486, "PIK": 328.1212930180705, "distrib norm": [284.2490151410267, 32.82987581599099]}, "SSP4": {"CEPII": 268.2792599018068, "OECD": 253.91244535019, "IIASA": 327.31594416307695, "PIK": 309.0055619263394, "distrib norm": [289.6283028353533, 35.82762097291319]}, "SSP5": {"CEPII": 245.9083760323393, "OECD": 245.516054990759, "IIASA": 314.687393306118, "PIK": 303.7501678464589, "distrib norm": [277.4654980439188, 37.32327091816266]}}