{"SSP1": {"CEPII": 152.3175079833018, "OECD": 204.85806262803632, "IIASA": 267.51631340800856, "PIK": 225.28120853270246, "distrib norm": [212.49327313801228, 41.44419562405249]}, "SSP2": {"CEPII": 155.37033639634706, "OECD": 211.38456892646843, "IIASA": 274.9622863348377, "PIK": 235.73808877899862, "distrib norm": [219.36382010916296, 43.35360575620677]}, "SSP3": {"CEPII": 174.3737240504593, "OECD": 220.82018927444787, "IIASA": 288.8573735682345, "PIK": 276.10622142288275, "distrib norm": [240.0393770790061, 45.73119616213892]}, "SSP4": {"CEPII": 170.76884686545648, "OECD": 207.62271985763022, "IIASA": 304.2269058784487, "PIK": 229.09618339651217, "distrib norm": [227.9286639995119, 48.74002687127645]}, "SSP5": {"CEPII": 139.68403950115405, "OECD": 193.90581717451533, "IIASA": 255.72106009890976, "PIK": 223.92557562747072, "distrib norm": [203.30912310051247, 42.74524148979495]}}