{"SSP1": {"CEPII": 402.0426818673974, "OECD": 488.7399424285073, "IIASA": 878.7570278160177, "PIK": 287.29378555764487, "distrib norm": [514.2083594173918, 223.91678319205843]}, "SSP2": {"CEPII": 416.64952773234023, "OECD": 509.2290402194774, "IIASA": 949.6328228827041, "PIK": 297.4038481768163, "distrib norm": [543.2288097528345, 248.04472906273958]}, "SSP3": {"CEPII": 469.3285383653339, "OECD": 525.5656409187937, "IIASA": 879.1937535570801, "PIK": 311.93999801757815, "distrib norm": [546.5069827146965, 209.3427219655172]}, "SSP4": {"CEPII": 464.18734896079127, "OECD": 520.2946106713841, "IIASA": 1080.1507500417235, "PIK": 295.4491903511772, "distrib norm": [590.020475006269, 296.5511081428681]}, "SSP5": {"CEPII": 363.4708984076537, "OECD": 459.6880204307264, "IIASA": 824.8107089266274, "PIK": 291.19131138731336, "distrib norm": [484.7902347880802, 206.78405177401086]}}