{"SSP1": {"CEPII": 1449.2527204814032, "OECD": 882.5361480546954, "IIASA": 1427.7005388788577, "PIK": 781.0432542858116, "distrib norm": [1135.133165425192, 440.51798187960617]}, "SSP2": {"CEPII": 1528.402633291123, "OECD": 982.0787492950562, "IIASA": 1678.2878747780107, "PIK": 779.6472321188292, "distrib norm": [1242.1041223707548, 510.8149812967186]}, "SSP3": {"CEPII": 1732.6455478768326, "OECD": 1072.927202783495, "IIASA": 2005.472953627501, "PIK": 828.6600047189881, "distrib norm": [1409.9264272517041, 623.6968454210021]}, "SSP4": {"CEPII": 1751.9078163985596, "OECD": 1114.98700968668, "IIASA": 1924.0361118777603, "PIK": 778.5337575472857, "distrib norm": [1392.3661738775713, 611.10746871591]}, "SSP5": {"CEPII": 1313.7282022543543, "OECD": 804.0739861470277, "IIASA": 1321.8537615744983, "PIK": 845.0069517892031, "distrib norm": [1071.1657254412708, 386.129570928161]}}