{"SSP1": {"CEPII": 259.23230247312165, "OECD": 240.32086212792584, "IIASA": 334.56811674443276, "PIK": 346.71143562029516, "distrib norm": [295.2081792414438, 50.50097097899519]}, "SSP2": {"CEPII": 259.1067377824474, "OECD": 238.91653493160806, "IIASA": 336.7992619829812, "PIK": 349.5232993391541, "distrib norm": [296.0864585090477, 52.09253974089424]}, "SSP3": {"CEPII": 266.81414220559265, "OECD": 238.43266814197088, "IIASA": 340.3006644022125, "PIK": 365.717044031286, "distrib norm": [302.8161296952655, 56.108937352002464]}, "SSP4": {"CEPII": 268.1721297727377, "OECD": 240.8547127316231, "IIASA": 346.6795745541619, "PIK": 344.1761074859397, "distrib norm": [299.97063113611557, 50.962686983810165]}, "SSP5": {"CEPII": 250.19001290383525, "OECD": 238.96940352484012, "IIASA": 331.45829233994334, "PIK": 348.47320234505264, "distrib norm": [292.2727277784178, 52.36889391663921]}}