{"SSP1": {"CEPII": 466.5855928206426, "OECD": 356.46286494524895, "IIASA": 109.02147391785246, "PIK": 182.6183388440492, "distrib norm": [278.6720676319483, 143.79686180212363]}, "SSP2": {"CEPII": 476.40160410790446, "OECD": 408.66786993012613, "IIASA": 110.84312865372519, "PIK": 185.7067115879708, "distrib norm": [295.40482856993157, 154.48230047006493]}, "SSP3": {"CEPII": 492.9725925129995, "OECD": 406.245569392038, "IIASA": 104.22850783850238, "PIK": 191.40372943525975, "distrib norm": [298.7125997946999, 160.1097133906158]}, "SSP4": {"CEPII": 541.3800523595445, "OECD": 464.21541646547524, "IIASA": 117.33917027845492, "PIK": 165.78927581285768, "distrib norm": [322.18097872908305, 186.64730467632938]}, "SSP5": {"CEPII": 443.4910373626887, "OECD": 341.67200020547585, "IIASA": 114.03589170935031, "PIK": 210.48103759062957, "distrib norm": [277.4199917170361, 128.50843884190064]}}