{"SSP1": {"CEPII": 2272.2394738244398, "OECD": 1707.1551540015525, "IIASA": 4050.468462799504, "PIK": 1213.175034467439, "distrib norm": [2310.7595312732337, 1087.943926333656]}, "SSP2": {"CEPII": 2413.894687797658, "OECD": 1968.8781468215316, "IIASA": 5339.535496884919, "PIK": 1300.7668781464624, "distrib norm": [2755.7688024126423, 1560.4634644678506]}, "SSP3": {"CEPII": 2726.3741504663303, "OECD": 2140.120679769411, "IIASA": 6272.7846024456285, "PIK": 1607.877904261978, "distrib norm": [3186.789334235837, 1844.5441489497043]}, "SSP4": {"CEPII": 2739.090929999664, "OECD": 2189.012483783786, "IIASA": 6008.652654569913, "PIK": 1390.368653871502, "distrib norm": [3081.7811805562155, 1775.411091778071]}, "SSP5": {"CEPII": 2033.767665523503, "OECD": 1551.622580318114, "IIASA": 3746.4656356919063, "PIK": 1286.626849403907, "distrib norm": [2154.6206827343576, 972.5340893291699]}}