{"SSP1": {"CEPII": 580.8336021626516, "OECD": 523.2452894592225, "IIASA": 599.6989501865011, "PIK": 458.2518001717176, "distrib norm": [540.5074104950232, 66.69136918439744]}, "SSP2": {"CEPII": 580.5353353581438, "OECD": 524.6590191032261, "IIASA": 617.1269768726761, "PIK": 458.820592889734, "distrib norm": [545.2854810559448, 70.72995580138607]}, "SSP3": {"CEPII": 597.1961660138629, "OECD": 523.0022873426664, "IIASA": 633.0081587737441, "PIK": 485.2526277776107, "distrib norm": [559.6148099769711, 70.1282016452846]}, "SSP4": {"CEPII": 597.6137771369414, "OECD": 525.1919971382116, "IIASA": 632.4326807122767, "PIK": 463.31045725575575, "distrib norm": [554.6372280607962, 75.86263201939535]}, "SSP5": {"CEPII": 567.4530469947563, "OECD": 519.2405030406185, "IIASA": 593.2185163330985, "PIK": 472.2773602566082, "distrib norm": [538.0473566562704, 59.40894111021352]}}