{"SSP1": {"CEPII": 314.94963388431694, "OECD": 308.216281909241, "IIASA": 266.5372050600035, "PIK": 222.3886376635746, "distrib norm": [278.022939629284, 37.08879992816909]}, "SSP2": {"CEPII": 323.8558029631455, "OECD": 319.83579401810164, "IIASA": 268.1293264704328, "PIK": 222.21848638756788, "distrib norm": [283.50985245981195, 41.655017365335205]}, "SSP3": {"CEPII": 370.53458866914383, "OECD": 343.74756338969377, "IIASA": 300.71997669759514, "PIK": 248.07043857560333, "distrib norm": [315.768141833009, 46.34554463476585]}, "SSP4": {"CEPII": 300.7143489503661, "OECD": 314.77301513078515, "IIASA": 272.4855395104641, "PIK": 218.40280090086878, "distrib norm": [276.59392612312104, 36.88673043931629]}, "SSP5": {"CEPII": 279.40764591492587, "OECD": 284.22605296080064, "IIASA": 244.70625030907243, "PIK": 204.95736704165176, "distrib norm": [253.32432905661267, 31.81544536242302]}}