{"SSP1": {"CEPII": 424.860220071626, "OECD": 444.0017670220742, "IIASA": 391.4868296227877, "PIK": 327.3200600544273, "distrib norm": [396.91721919272885, 52.19067709326913]}, "SSP2": {"CEPII": 426.0132361753327, "OECD": 440.5369044653139, "IIASA": 411.55890195725357, "PIK": 328.4333489690521, "distrib norm": [401.6355978917381, 51.6213591834618]}, "SSP3": {"CEPII": 435.15669247307966, "OECD": 434.4829224130167, "IIASA": 430.92891670572897, "PIK": 333.1840592473618, "distrib norm": [408.43814770979674, 51.865519744235144]}, "SSP4": {"CEPII": 437.9365231922051, "OECD": 437.8850963700011, "IIASA": 433.9480101096731, "PIK": 329.1698707142924, "distrib norm": [409.73487509654296, 54.5183826682156]}, "SSP5": {"CEPII": 413.52079268283165, "OECD": 444.1120129876213, "IIASA": 390.3838592211145, "PIK": 338.9784254058758, "distrib norm": [396.7487725743608, 47.20986072379814]}}