{"SSP1": {"CEPII": 537.0571236569721, "OECD": 513.1810980491255, "IIASA": 479.0640714530364, "PIK": 514.4942484681259, "distrib norm": [510.9491354068149, 30.632229059983974]}, "SSP2": {"CEPII": 537.5582216529881, "OECD": 510.53887986609715, "IIASA": 482.0784075118207, "PIK": 524.7149291412085, "distrib norm": [513.7226095430286, 30.659714125343214]}, "SSP3": {"CEPII": 548.1076253999477, "OECD": 509.479488100948, "IIASA": 487.9395766502618, "PIK": 542.4651923423245, "distrib norm": [521.9979706233705, 33.70867558987651]}, "SSP4": {"CEPII": 545.5952961492201, "OECD": 515.3668451983916, "IIASA": 497.27152735652885, "PIK": 528.4802859399451, "distrib norm": [521.6784886610214, 29.054869350093742]}, "SSP5": {"CEPII": 526.7340928660607, "OECD": 508.3570139700444, "IIASA": 475.479253758125, "PIK": 519.3087175182151, "distrib norm": [507.46976952811127, 29.76992797495822]}}