{"SSP1": {"CEPII": 370.72501288851527, "OECD": 405.51654159307697, "IIASA": 430.68840232988464, "PIK": 405.6860902222922, "distrib norm": [403.1540117584423, 35.04340281409934]}, "SSP2": {"CEPII": 370.2037779896803, "OECD": 403.73526055603725, "IIASA": 469.31527512754303, "PIK": 412.7258637592657, "distrib norm": [413.99504435813157, 45.71295665252749]}, "SSP3": {"CEPII": 379.9042433344964, "OECD": 402.2981876986831, "IIASA": 506.2748262370275, "PIK": 446.138592890523, "distrib norm": [433.6539625401825, 56.814703196922295]}, "SSP4": {"CEPII": 379.35199887885506, "OECD": 403.4523135068642, "IIASA": 503.7769698405294, "PIK": 420.1467819953828, "distrib norm": [426.6820160554079, 55.36151569762412]}, "SSP5": {"CEPII": 361.3926769792315, "OECD": 402.5807841962967, "IIASA": 425.5178526751239, "PIK": 417.41148840717625, "distrib norm": [401.7257005644571, 37.11842560393165]}}