{"SSP1": {"CEPII": 185.48293386393985, "OECD": 156.33987866281862, "IIASA": 182.55733623608606, "PIK": 186.98442061592127, "distrib norm": [177.84114234469143, 12.515423883227555]}, "SSP2": {"CEPII": 190.94164171334435, "OECD": 165.44680001334694, "IIASA": 187.92622185887058, "PIK": 194.20729562164345, "distrib norm": [184.63048980180133, 11.296256590716016]}, "SSP3": {"CEPII": 212.48962256079716, "OECD": 172.77226666895282, "IIASA": 194.58476416733052, "PIK": 210.16902811113462, "distrib norm": [197.5039203770538, 15.85206920223599]}, "SSP4": {"CEPII": 210.5651886148703, "OECD": 169.14241127920064, "IIASA": 209.8030936498008, "PIK": 189.275790780761, "distrib norm": [194.69662108115818, 17.047140440461657]}, "SSP5": {"CEPII": 169.43432921444824, "OECD": 147.38291182629104, "IIASA": 175.37197172142353, "PIK": 191.12221428424343, "distrib norm": [170.82785676160157, 15.685321881215154]}}