{"SSP1": {"CEPII": 612.8605551166249, "OECD": 699.2269256739178, "IIASA": 637.5550623629902, "PIK": 544.2457833948856, "distrib norm": [623.4720816371047, 70.27684264717533]}, "SSP2": {"CEPII": 612.7835025407294, "OECD": 701.5677125152913, "IIASA": 637.2949454356886, "PIK": 557.1169808659974, "distrib norm": [627.1907853394266, 67.56746559164024]}, "SSP3": {"CEPII": 629.5793191238085, "OECD": 699.7773362767125, "IIASA": 665.7847396551774, "PIK": 570.0168133785124, "distrib norm": [641.2895521085527, 65.34371625226892]}, "SSP4": {"CEPII": 636.0035711541856, "OECD": 701.9277990567196, "IIASA": 663.7186204106036, "PIK": 550.0114420971669, "distrib norm": [637.9153581796689, 71.1849479980855]}, "SSP5": {"CEPII": 588.8662555241347, "OECD": 694.6472938364651, "IIASA": 630.3601593045653, "PIK": 566.723779652543, "distrib norm": [620.1493720794269, 64.85391264295507]}}