{"SSP1": {"CEPII": 632.6234331393546, "OECD": 582.370794561051, "IIASA": 657.2917943295761, "PIK": 724.1655026760917, "distrib norm": [649.1128811765184, 67.94240643789084]}, "SSP2": {"CEPII": 634.0755470885571, "OECD": 583.5885072659516, "IIASA": 665.5954387480372, "PIK": 735.903146469786, "distrib norm": [654.790659893083, 71.3829114472727]}, "SSP3": {"CEPII": 648.2336443785168, "OECD": 581.5880576439538, "IIASA": 666.9905860352856, "PIK": 776.6682305462647, "distrib norm": [668.3701296510052, 84.00941832610094]}, "SSP4": {"CEPII": 654.2639252360162, "OECD": 587.1903646785021, "IIASA": 682.2080637282182, "PIK": 723.4553487192006, "distrib norm": [661.7794255904843, 67.4384973253259]}, "SSP5": {"CEPII": 618.0905299461496, "OECD": 582.0453636862775, "IIASA": 656.54058612381, "PIK": 729.5703042881846, "distrib norm": [646.5616960111054, 70.61526961748436]}}