{"SSP1": {"CEPII": 3296.8677188744164, "OECD": 2614.32778132011, "IIASA": 2720.867052847852, "PIK": 3548.808027459596, "distrib norm": [3045.2176451254936, 443.4273057885733]}, "SSP2": {"CEPII": 3295.0780209231184, "OECD": 2592.864924316629, "IIASA": 2707.068565394975, "PIK": 3603.13715799738, "distrib norm": [3049.5371671580256, 466.96074562708526]}, "SSP3": {"CEPII": 3355.66281674226, "OECD": 2580.253420812803, "IIASA": 2695.006706200645, "PIK": 3803.4529593824686, "distrib norm": [3108.5939757845445, 543.6006512029471]}, "SSP4": {"CEPII": 3375.369800245233, "OECD": 2626.5503690620408, "IIASA": 2761.1321276404547, "PIK": 3548.8595121701374, "distrib norm": [3077.9779522794665, 446.34479617068655]}, "SSP5": {"CEPII": 3244.8503988263938, "OECD": 2623.565744355904, "IIASA": 2712.8474301546858, "PIK": 3642.074086266698, "distrib norm": [3055.8344149009204, 464.81174627059534]}}