{"SSP1": {"CEPII": 1155.6185307213168, "OECD": 1049.5885328979502, "IIASA": 1337.710940434358, "PIK": 806.2618966464174, "distrib norm": [1087.2949751750107, 206.69646180888884]}, "SSP2": {"CEPII": 1154.8216663318956, "OECD": 1040.5580001295698, "IIASA": 1366.6050299752349, "PIK": 791.2575389872103, "distrib norm": [1088.3105588559777, 221.17131039716128]}, "SSP3": {"CEPII": 1174.2049646599612, "OECD": 1023.6572308461327, "IIASA": 1400.7264330509624, "PIK": 773.6627944546455, "distrib norm": [1093.0628557529253, 240.68382070242367]}, "SSP4": {"CEPII": 1183.5998735019245, "OECD": 1025.362580467951, "IIASA": 1413.2436670271832, "PIK": 759.7594754891567, "distrib norm": [1095.4913991215537, 250.0956819696741]}, "SSP5": {"CEPII": 1128.4613558881865, "OECD": 1052.3519515140995, "IIASA": 1333.468162536257, "PIK": 831.867820674852, "distrib norm": [1086.5373226533488, 194.77702043214623]}}