{"SSP1": {"CEPII": 464.3867453471934, "OECD": 307.30632477664705, "IIASA": 419.93834260257677, "PIK": 251.23712100420687, "distrib norm": [360.717133432656, 85.55903483254328]}, "SSP2": {"CEPII": 478.8292312623174, "OECD": 331.1519428552484, "IIASA": 442.45207123895557, "PIK": 265.06370462569964, "distrib norm": [379.37423749555524, 85.83362061652304]}, "SSP3": {"CEPII": 547.4271060316597, "OECD": 363.2842092463646, "IIASA": 491.20118137883514, "PIK": 288.49528135469194, "distrib norm": [422.6019445028879, 102.52976292746976]}, "SSP4": {"CEPII": 542.3091290372756, "OECD": 343.32327074814447, "IIASA": 512.1235908321527, "PIK": 261.61805290408444, "distrib norm": [414.8435108804143, 116.78881500243143]}, "SSP5": {"CEPII": 411.08236723680574, "OECD": 281.76694873475174, "IIASA": 396.5754497269179, "PIK": 248.70005445430596, "distrib norm": [334.5312050381953, 70.74739890952047]}}