{"SSP1": {"CEPII": 1274.1011823390438, "OECD": 1107.162270535758, "IIASA": 935.8446092712211, "PIK": 1227.521989673661, "distrib norm": [1136.157512954921, 152.59538592666712]}, "SSP2": {"CEPII": 1276.2519548071741, "OECD": 1096.4152975268908, "IIASA": 980.9374330933595, "PIK": 1259.4659742759798, "distrib norm": [1153.267664925851, 145.63022680164386]}, "SSP3": {"CEPII": 1306.2766283584135, "OECD": 1085.4777902546812, "IIASA": 1039.2955216914472, "PIK": 1381.3968129411048, "distrib norm": [1203.1116883114119, 166.53920797517006]}, "SSP4": {"CEPII": 1299.115623420689, "OECD": 1085.7007398254532, "IIASA": 1040.2525852777094, "PIK": 1291.6711876018317, "distrib norm": [1179.1850340314209, 142.91919134826654]}, "SSP5": {"CEPII": 1236.7135887081433, "OECD": 1097.5681148180918, "IIASA": 926.0638099334449, "PIK": 1259.60353208431, "distrib norm": [1129.9872613859973, 154.41244936387568]}}