{"SSP1": {"CEPII": 7702.464811411873, "OECD": 12806.953044479707, "IIASA": 21340.97394342595, "PIK": 20513.46578185693, "distrib norm": [15590.964395293617, 5691.661562028007]}, "SSP2": {"CEPII": 7980.4443655965415, "OECD": 13290.055362763229, "IIASA": 22337.20843932314, "PIK": 21306.367464352683, "distrib norm": [16228.518908008897, 5963.842960425094]}, "SSP3": {"CEPII": 8694.468681132743, "OECD": 13537.217628474475, "IIASA": 11919.71824118627, "PIK": 24080.93672038781, "distrib norm": [14558.085317795325, 5812.226708160319]}, "SSP4": {"CEPII": 8668.004019600994, "OECD": 13136.641226954342, "IIASA": 25138.898649850846, "PIK": 20747.672220927994, "distrib norm": [16922.804029333543, 6468.37788698515]}, "SSP5": {"CEPII": 7157.858049449485, "OECD": 12397.005186922357, "IIASA": 21129.891046034303, "PIK": 20746.96419726765, "distrib norm": [15357.929619918448, 5929.4918178949365]}}