{"SSP1": {"CEPII": 28824.138653272705, "OECD": 300.8386280920145, "IIASA": 293.38351096844843, "PIK": 251.45541435309536, "distrib norm": [7417.454051671566, 12398.948622634538]}, "SSP2": {"CEPII": 29141.587996325787, "OECD": 302.6708006775981, "IIASA": 294.2028727815124, "PIK": 252.10355030629756, "distrib norm": [7497.6413050228, 12536.367447832077]}, "SSP3": {"CEPII": 30633.38791343425, "OECD": 307.9718358821865, "IIASA": 298.2590893458142, "PIK": 259.53592457980284, "distrib norm": [7874.788690810514, 13181.9557825339]}, "SSP4": {"CEPII": 28502.78787591957, "OECD": 303.11407649349917, "IIASA": 295.8129128327559, "PIK": 248.40150769187952, "distrib norm": [7337.529093234427, 12259.127031561906]}, "SSP5": {"CEPII": 27578.866566816003, "OECD": 297.09353662642565, "IIASA": 289.40529698307347, "PIK": 251.47021845761932, "distrib norm": [7104.208904720782, 11859.136487025604]}}