{"SSP1": {"CEPII": 44927.1057623444, "OECD": 255.94109048471088, "IIASA": 256.4759811214533, "PIK": 252.31057970150934, "distrib norm": [11422.958353413018, 19405.363917803286]}, "SSP2": {"CEPII": 46128.29478998219, "OECD": 257.76110819839187, "IIASA": 256.9475242104522, "PIK": 253.1833217373288, "distrib norm": [11724.046686032092, 19926.67968475034]}, "SSP3": {"CEPII": 49666.443819446205, "OECD": 261.9880804414015, "IIASA": 277.78921001651145, "PIK": 259.1499208889208, "distrib norm": [12616.34275769826, 21459.11272103223]}, "SSP4": {"CEPII": 44442.05502100057, "OECD": 258.30779833744106, "IIASA": 256.8001392035732, "PIK": 251.34301256506802, "distrib norm": [11302.126492776664, 19194.420378550076]}, "SSP5": {"CEPII": 42789.28204141133, "OECD": 251.93670265302504, "IIASA": 252.79203155722405, "PIK": 251.39337714715245, "distrib norm": [10886.35103819218, 18477.976706004654]}}