{"SSP1": {"CEPII": 383.83829043245953, "OECD": 284.0706793887288, "IIASA": 346.54354380406994, "PIK": 253.3168779458077, "distrib norm": [316.9423478927665, 52.638562731373504]}, "SSP2": {"CEPII": 398.93975489368336, "OECD": 298.2852197759647, "IIASA": 362.7289371589108, "PIK": 255.6720720186186, "distrib norm": [328.90649596179446, 57.01040257034263]}, "SSP3": {"CEPII": 448.85608637581925, "OECD": 308.9486752079116, "IIASA": 393.31453794584087, "PIK": 277.9114679134831, "distrib norm": [357.25769186076366, 69.09001170784774]}, "SSP4": {"CEPII": 442.4552197172664, "OECD": 306.612161916799, "IIASA": 422.5758584300578, "PIK": 248.51971611317651, "distrib norm": [355.0407390443249, 81.65468769898817]}, "SSP5": {"CEPII": 347.66714619369577, "OECD": 266.9396868576624, "IIASA": 330.4526175013637, "PIK": 258.14560657504796, "distrib norm": [300.8012642819425, 40.55892123508873]}}