{"SSP1": {"CEPII": 4669.308404109203, "OECD": 224.2595859099906, "IIASA": 191.93724904163503, "PIK": 188.39727109779668, "distrib norm": [1318.4756275396562, 1941.3580126259367]}, "SSP2": {"CEPII": 4704.354973328857, "OECD": 225.14946160857627, "IIASA": 192.37220368738, "PIK": 188.76843966059636, "distrib norm": [1327.6612695713525, 1956.338432490764]}, "SSP3": {"CEPII": 4997.31767873882, "OECD": 229.47075692677373, "IIASA": 219.29271362379342, "PIK": 195.00304651818632, "distrib norm": [1410.2710489518931, 2078.192357220629]}, "SSP4": {"CEPII": 4609.586474962429, "OECD": 226.11313935886588, "IIASA": 193.19329406393192, "PIK": 186.65401974832477, "distrib norm": [1303.886732033388, 1915.2284977994377]}, "SSP5": {"CEPII": 4422.0825685743, "OECD": 220.75951155076666, "IIASA": 188.86152562173308, "PIK": 185.26089993625777, "distrib norm": [1254.2411264207644, 1835.3686477236854]}}