{"SSP1": {"CEPII": 22828.670940165623, "OECD": 252.9235450328036, "IIASA": 219.9588607704579, "PIK": 245.4309397009126, "distrib norm": [5886.7460714174495, 9812.961396449697]}, "SSP2": {"CEPII": 23338.48643662836, "OECD": 253.91059652757733, "IIASA": 220.0152839370979, "PIK": 246.22133427319238, "distrib norm": [6014.658412841555, 10034.15066380896]}, "SSP3": {"CEPII": 25167.408552145243, "OECD": 258.4483404531811, "IIASA": 269.92624659916106, "PIK": 252.74985673673493, "distrib norm": [6487.1332489835795, 10819.817364069611]}, "SSP4": {"CEPII": 22609.01447900072, "OECD": 255.08212085693754, "IIASA": 219.17752456122247, "PIK": 244.43711494934223, "distrib norm": [5831.927809842056, 9717.493390893993]}, "SSP5": {"CEPII": 21663.73320954475, "OECD": 249.09849875025014, "IIASA": 217.1463591700126, "PIK": 244.22328815846322, "distrib norm": [5593.550338905869, 9308.066584332886]}}