{"SSP1": {"CEPII": 386.8419613813403, "OECD": 250.43461066716992, "IIASA": 430.78932510455746, "PIK": 331.2274355660621, "distrib norm": [349.8233331797825, 68.3110682013435]}, "SSP2": {"CEPII": 405.43842151316704, "OECD": 280.5433285053894, "IIASA": 502.99270456824314, "PIK": 353.6210384502222, "distrib norm": [385.6488732592554, 81.95314672179725]}, "SSP3": {"CEPII": 452.5943554939216, "OECD": 297.6562050972055, "IIASA": 569.5404535293632, "PIK": 386.3696046783397, "distrib norm": [426.5401546997076, 100.16495927722828]}, "SSP4": {"CEPII": 457.4592635429985, "OECD": 322.41346072606046, "IIASA": 589.0033873587103, "PIK": 379.97903542460494, "distrib norm": [437.21378676309354, 100.89889601951803]}, "SSP5": {"CEPII": 352.41228622284683, "OECD": 229.46789818440905, "IIASA": 406.89130754758315, "PIK": 370.26483010203725, "distrib norm": [339.7590805142191, 67.544052419838]}}