{"SSP1": {"CEPII": 1151.4676939208437, "OECD": 742.7461010812336, "IIASA": 1837.478063133373, "PIK": 1186.2956492420237, "distrib norm": [1229.4968768443687, 391.9573765224546]}, "SSP2": {"CEPII": 1190.245008726713, "OECD": 837.8611308876984, "IIASA": 2007.319832713286, "PIK": 1186.7728410610177, "distrib norm": [1305.5497033471788, 429.714158160915]}, "SSP3": {"CEPII": 1331.3807280521419, "OECD": 907.0257991238034, "IIASA": 2180.2055838408446, "PIK": 1319.3114490996268, "distrib norm": [1434.480890029104, 463.19753761387176]}, "SSP4": {"CEPII": 1353.9462490004269, "OECD": 853.7609774723174, "IIASA": 2287.7643213297056, "PIK": 1144.6545614258062, "distrib norm": [1410.0315273070642, 536.9874939836401]}, "SSP5": {"CEPII": 1033.4129729162307, "OECD": 667.3132880698352, "IIASA": 1725.995546251437, "PIK": 1212.1257546009617, "distrib norm": [1159.7118904596161, 381.38962760516205]}}