{"SSP1": {"CEPII": 524.4571103639563, "OECD": 457.9338721789272, "IIASA": 232.01478079943544, "PIK": 262.73793442349864, "distrib norm": [369.28592444145437, 124.65608041373459]}, "SSP2": {"CEPII": 541.5761882704571, "OECD": 477.9261725456249, "IIASA": 237.92202098824066, "PIK": 265.38713915173554, "distrib norm": [380.7028802390146, 131.3796749790081]}, "SSP3": {"CEPII": 570.0857802601975, "OECD": 468.1977595291676, "IIASA": 238.51373113154617, "PIK": 275.1772271796031, "distrib norm": [387.9936245251286, 136.64638894581822]}, "SSP4": {"CEPII": 599.9735249727789, "OECD": 489.9594769918163, "IIASA": 266.4333754230969, "PIK": 261.9584352608107, "distrib norm": [404.58120316212575, 145.7078332918281]}, "SSP5": {"CEPII": 509.25702621359034, "OECD": 455.5000044927924, "IIASA": 237.09554405260425, "PIK": 281.45645097442934, "distrib norm": [370.827256433354, 114.26671734335933]}}