{"SSP1": {"CEPII": 779.3373489224575, "OECD": 614.5394733927014, "IIASA": 984.6410452899996, "PIK": 650.1448793874144, "distrib norm": [757.1656867481432, 154.3541631776826]}, "SSP2": {"CEPII": 781.5470302049914, "OECD": 609.8483294102125, "IIASA": 1033.603703055107, "PIK": 653.8373507372602, "distrib norm": [769.7091033518927, 173.57355114709773]}, "SSP3": {"CEPII": 797.1785223466812, "OECD": 601.0910738435591, "IIASA": 1093.857330922609, "PIK": 685.7494299873865, "distrib norm": [794.469089275059, 194.60315091183955]}, "SSP4": {"CEPII": 807.994349829472, "OECD": 606.63964491747, "IIASA": 1099.2824946334624, "PIK": 655.0217505780065, "distrib norm": [792.2345599896028, 200.25026008661658]}, "SSP5": {"CEPII": 753.3043632513915, "OECD": 615.5664940116517, "IIASA": 980.7966313116021, "PIK": 672.2509491674406, "distrib norm": [755.4796094355214, 148.71391415151496]}}