{"SSP1": {"CEPII": 5905.424684865798, "OECD": 4298.199548455636, "IIASA": 6820.255286087367, "PIK": 2990.269593036885, "distrib norm": [5003.537278111421, 1482.2749501764595]}, "SSP2": {"CEPII": 6209.733977661112, "OECD": 4589.871457795037, "IIASA": 7760.24762628332, "PIK": 2984.2105608479096, "distrib norm": [5386.015905646845, 1793.3675798314064]}, "SSP3": {"CEPII": 7011.842997111413, "OECD": 4811.255926792183, "IIASA": 8779.583162692694, "PIK": 3176.1479621192543, "distrib norm": [5944.707512178886, 2139.3107723944936]}, "SSP4": {"CEPII": 7069.816862759143, "OECD": 4587.073082429986, "IIASA": 8798.66392544069, "PIK": 2687.174304061597, "distrib norm": [5785.682043672854, 2342.103304209463]}, "SSP5": {"CEPII": 5339.1947025205245, "OECD": 3993.6852924730943, "IIASA": 6511.960438191636, "PIK": 3057.1729806427325, "distrib norm": [4725.503353456997, 1322.5470191147153]}}