{"SSP1": {"CEPII": 414.46840244389625, "OECD": 425.7900108695876, "IIASA": 487.4449371981376, "PIK": 453.1614563245111, "distrib norm": [445.2162017090331, 34.35044071916428]}, "SSP2": {"CEPII": 415.03005862227855, "OECD": 425.1034177022784, "IIASA": 492.5505771021135, "PIK": 448.9015355454905, "distrib norm": [445.39639724304027, 35.78535568557468]}, "SSP3": {"CEPII": 425.3793945315574, "OECD": 424.21816974154, "IIASA": 499.4651680097775, "PIK": 449.10821861552654, "distrib norm": [449.5427377246004, 36.398777561266215]}, "SSP4": {"CEPII": 430.6657372179335, "OECD": 430.29701604276744, "IIASA": 509.25314469672844, "PIK": 441.94226748198355, "distrib norm": [453.0395413598533, 38.43338836889005]}, "SSP5": {"CEPII": 396.8442747763146, "OECD": 424.6359516808939, "IIASA": 483.46204705115724, "PIK": 464.5254875714141, "distrib norm": [442.366940269945, 39.051699847901624]}}