{"SSP1": {"CEPII": 304.0847665324311, "OECD": 392.23007771292356, "IIASA": 356.45162652519673, "PIK": 356.74357644706794, "distrib norm": [352.37751180440483, 39.77808221661868]}, "SSP2": {"CEPII": 305.674735423476, "OECD": 391.307487920558, "IIASA": 381.32292370256533, "PIK": 364.11999152782346, "distrib norm": [360.6062846436057, 41.497061279495234]}, "SSP3": {"CEPII": 316.3377726269306, "OECD": 393.3587074115185, "IIASA": 401.8702929750134, "PIK": 396.51553401984756, "distrib norm": [377.0205767583275, 43.77645944094589]}, "SSP4": {"CEPII": 314.98467974227555, "OECD": 392.84014051153065, "IIASA": 399.18919784165377, "PIK": 372.9680447327894, "distrib norm": [369.99551570706234, 41.90984030360075]}, "SSP5": {"CEPII": 294.4439933710922, "OECD": 388.1654528688783, "IIASA": 351.34299299526106, "PIK": 365.50490091136254, "distrib norm": [349.8643350366485, 42.21604238696945]}}