{"SSP1": {"CEPII": 190547.08844298258, "OECD": 258.7557329428121, "IIASA": 199.2789083003448, "PIK": 204.44278914259587, "distrib norm": [47802.39146834208, 82674.32359176003]}, "SSP2": {"CEPII": 190161.92696179368, "OECD": 258.9834823703392, "IIASA": 198.50880012925742, "PIK": 202.38502566462276, "distrib norm": [47705.45106748948, 82507.39186036357]}, "SSP3": {"CEPII": 200043.52096151683, "OECD": 262.1175191477331, "IIASA": 210.11330005466752, "PIK": 203.37049984675534, "distrib norm": [50179.78057014149, 86797.48506219704]}, "SSP4": {"CEPII": 197234.29089430903, "OECD": 259.3579590521083, "IIASA": 202.1217009334052, "PIK": 200.31532312743306, "distrib norm": [49474.0214693555, 85579.20152566979]}, "SSP5": {"CEPII": 180467.29864186008, "OECD": 254.64576238359624, "IIASA": 196.2297158004509, "PIK": 206.1408169259722, "distrib norm": [45281.078734242525, 78296.66103994212]}}