{"SSP1": {"CEPII": 411.42947313247055, "OECD": 300.335206559247, "IIASA": 336.3702454960356, "PIK": 425.9877564699417, "distrib norm": [368.5306704144237, 55.979347799693144]}, "SSP2": {"CEPII": 425.70884898030414, "OECD": 307.9673664804965, "IIASA": 345.9313382368468, "PIK": 457.04977842012255, "distrib norm": [384.16433302944245, 63.58070661343774]}, "SSP3": {"CEPII": 481.71941267969527, "OECD": 321.03530965941377, "IIASA": 359.3004043498992, "PIK": 516.1516421821609, "distrib norm": [419.55169221779227, 84.83004436007975]}, "SSP4": {"CEPII": 476.21742321322523, "OECD": 319.79385237159494, "IIASA": 391.67897457734506, "PIK": 480.37409964533646, "distrib norm": [417.0160874518755, 70.37753222934876]}, "SSP5": {"CEPII": 359.55406096636585, "OECD": 289.5205195945948, "IIASA": 323.5797431285861, "PIK": 420.64821962027065, "distrib norm": [348.3256358274544, 52.32665907390518]}}