{"SSP1": {"CEPII": 204.65698731715207, "OECD": 199.86982641864753, "IIASA": 234.1169629255909, "PIK": 231.36195095885702, "distrib norm": [217.50143190506188, 15.508755420803991]}, "SSP2": {"CEPII": 225.94883993793886, "OECD": 209.53656952307085, "IIASA": 236.0877783586285, "PIK": 229.26442201898988, "distrib norm": [225.209402459657, 10.003139051023526]}, "SSP3": {"CEPII": 278.8569099844566, "OECD": 225.5536591764846, "IIASA": 264.03112362447996, "PIK": 253.7978805947678, "distrib norm": [255.55989334504724, 19.64001938472927]}, "SSP4": {"CEPII": 190.52449983762898, "OECD": 203.76587114363178, "IIASA": 236.66542212943216, "PIK": 223.59152883854435, "distrib norm": [213.6368304873093, 17.87783766170659]}, "SSP5": {"CEPII": 180.58258279647615, "OECD": 183.12171261554434, "IIASA": 216.19661803056934, "PIK": 216.7878089706642, "distrib norm": [199.1721806033135, 17.45352069905791]}}