{"SSP1": {"CEPII": 742.528479855901, "OECD": 365.12714355482416, "IIASA": 791.2007747205895, "PIK": 497.1466479653855, "distrib norm": [599.0007615241751, 189.15750426883596]}, "SSP2": {"CEPII": 779.0781583134024, "OECD": 382.50528399258565, "IIASA": 890.2303767071903, "PIK": 524.4313729920115, "distrib norm": [644.0612980012974, 215.36261044377358]}, "SSP3": {"CEPII": 890.2406066047603, "OECD": 411.0848713424153, "IIASA": 1034.6261122403243, "PIK": 627.9104032068852, "distrib norm": [740.9654983485964, 255.96186176801314]}, "SSP4": {"CEPII": 891.2906352701148, "OECD": 415.7942693511422, "IIASA": 1004.2557726957293, "PIK": 556.6964492456807, "distrib norm": [717.0092816406667, 254.66094763983435]}, "SSP5": {"CEPII": 673.0484192500038, "OECD": 343.7114076261465, "IIASA": 736.7432348582726, "PIK": 532.2973098093112, "distrib norm": [571.4500928859335, 165.4071354163556]}}