{"SSP1": {"CEPII": 780.2799350241864, "OECD": 925.0994973096008, "IIASA": 605.2764232761717, "PIK": 947.1168448508233, "distrib norm": [814.4431751151955, 136.71592933077886]}, "SSP2": {"CEPII": 807.7278348899509, "OECD": 1028.79762430791, "IIASA": 622.340346782579, "PIK": 966.8812120309614, "distrib norm": [856.4367545028504, 157.38482661618528]}, "SSP3": {"CEPII": 918.776169900541, "OECD": 1124.2688113605177, "IIASA": 642.0104961315736, "PIK": 1135.3739840699259, "distrib norm": [955.1073653656396, 200.28807622912274]}, "SSP4": {"CEPII": 941.2280880257076, "OECD": 1039.0300240293413, "IIASA": 668.4226279466427, "PIK": 926.6590022367074, "distrib norm": [893.8349355595997, 137.12754317881692]}, "SSP5": {"CEPII": 639.0649600800408, "OECD": 833.1055019556715, "IIASA": 573.194783202897, "PIK": 936.5434555737991, "distrib norm": [745.4771752031021, 145.93648384216496]}}