{"SSP1": {"CEPII": 665.5316505210108, "OECD": 651.6763966656522, "IIASA": 482.1088582228275, "PIK": 582.1006812024136, "distrib norm": [595.3543966529759, 83.54311399448555]}, "SSP2": {"CEPII": 680.8464916999594, "OECD": 697.5861168608594, "IIASA": 491.7789254930287, "PIK": 591.876665772656, "distrib norm": [615.5220499566259, 92.44491567382185]}, "SSP3": {"CEPII": 758.1961178114888, "OECD": 732.7996249800335, "IIASA": 500.66091144024693, "PIK": 651.2909870359882, "distrib norm": [660.7369103169393, 110.53750752248081]}, "SSP4": {"CEPII": 753.6637036175724, "OECD": 705.4462052808406, "IIASA": 525.52273394597, "PIK": 570.0071424108951, "distrib norm": [638.6599463138197, 103.80292389862953]}, "SSP5": {"CEPII": 603.0011131572351, "OECD": 608.5488928625106, "IIASA": 461.879110733267, "PIK": 588.7522442070136, "distrib norm": [565.5453402400067, 71.88677028755934]}}