{"SSP1": {"CEPII": 1047.9317207212387, "OECD": 1190.970096669938, "IIASA": 982.994042058249, "PIK": 918.4336887394591, "distrib norm": [1035.0823870472211, 123.78811129205391]}, "SSP2": {"CEPII": 1049.990886317641, "OECD": 1199.533218570333, "IIASA": 1091.2566297957464, "PIK": 917.8057541359942, "distrib norm": [1064.646622204929, 124.86374938475531]}, "SSP3": {"CEPII": 1074.7293418395134, "OECD": 1189.9299748055018, "IIASA": 1180.544323163365, "PIK": 967.7554914251592, "distrib norm": [1103.239782808385, 118.20815709197925]}, "SSP4": {"CEPII": 1076.3779700098507, "OECD": 1194.735848622601, "IIASA": 1178.8507899462295, "PIK": 923.3449180455179, "distrib norm": [1093.3273816560497, 131.97158363988507]}, "SSP5": {"CEPII": 1018.6051304923972, "OECD": 1185.575168994724, "IIASA": 977.4258336986119, "PIK": 947.5627890985852, "distrib norm": [1032.2922305710797, 116.44530889619784]}}