{"SSP1": {"CEPII": 332.1082553951547, "OECD": 327.67968003306584, "IIASA": 365.2905677686882, "PIK": 273.2932591041455, "distrib norm": [324.5929405752636, 39.91339168289987]}, "SSP2": {"CEPII": 332.49820964134494, "OECD": 326.0621693098177, "IIASA": 371.19005304144036, "PIK": 274.147998824622, "distrib norm": [325.9746077043063, 41.26251838361746]}, "SSP3": {"CEPII": 339.71936323689613, "OECD": 322.6048086191668, "IIASA": 386.7708964732261, "PIK": 280.2911923519417, "distrib norm": [332.34656517030766, 44.56152118760169]}, "SSP4": {"CEPII": 340.9561111710087, "OECD": 327.7495651047879, "IIASA": 395.6544905758479, "PIK": 268.94859625481524, "distrib norm": [333.3271907766149, 50.65511121654115]}, "SSP5": {"CEPII": 325.6946344612262, "OECD": 327.3032488618408, "IIASA": 363.38746355112403, "PIK": 276.83768987255877, "distrib norm": [323.30575918668745, 38.03737222840131]}}