{"SSP1": {"CEPII": 379.1691628159263, "OECD": 387.45056485466284, "IIASA": 475.52497453658196, "PIK": 467.3243995771004, "distrib norm": [427.36727544606794, 53.22665230206302]}, "SSP2": {"CEPII": 379.4172147424904, "OECD": 386.02399410483537, "IIASA": 483.67636037533777, "PIK": 489.1052258161069, "distrib norm": [434.5556987596925, 60.03271707895673]}, "SSP3": {"CEPII": 390.581597870769, "OECD": 383.70640950037, "IIASA": 502.76120460184404, "PIK": 517.167387964984, "distrib norm": [448.5541499844917, 69.10002360267407]}, "SSP4": {"CEPII": 391.3428579990062, "OECD": 385.56580236337084, "IIASA": 504.02459741309497, "PIK": 491.38571906281635, "distrib norm": [443.07974420957214, 62.87229693092074]}, "SSP5": {"CEPII": 367.81457842549355, "OECD": 385.52963847731564, "IIASA": 471.20315522349216, "PIK": 484.88657854809594, "distrib norm": [427.35848766859937, 59.24475905020216]}}