{"SSP1": {"CEPII": 298.899444397257, "OECD": 294.5235774028407, "IIASA": 225.67503953445842, "PIK": 289.4550337071606, "distrib norm": [277.13827376042923, 29.979848860363113]}, "SSP2": {"CEPII": 306.4926403303319, "OECD": 305.9821829529184, "IIASA": 227.2660455584366, "PIK": 289.8171848920142, "distrib norm": [282.38951343342524, 32.601032719282244]}, "SSP3": {"CEPII": 369.1497000956217, "OECD": 338.8680169864291, "IIASA": 357.2792378135742, "PIK": 336.6971127878929, "distrib norm": [350.4985169208794, 13.693016407442736]}, "SSP4": {"CEPII": 284.66146536282537, "OECD": 299.55211154439667, "IIASA": 227.953120737911, "PIK": 283.73896437253023, "distrib norm": [273.9764155044158, 27.388278434414172]}, "SSP5": {"CEPII": 256.6859931622767, "OECD": 262.36245625069716, "IIASA": 203.32948741025726, "PIK": 262.1524215274497, "distrib norm": [246.1325895876702, 24.893002928405927]}}