{"SSP1": {"CEPII": 72150.26297436636, "OECD": 528.3389591519478, "IIASA": 567.8098841304226, "PIK": 638.8701377431859, "distrib norm": [18471.32048884798, 31090.96336423531]}, "SSP2": {"CEPII": 72338.93103154702, "OECD": 532.8004715726111, "IIASA": 568.7251787965405, "PIK": 632.4641457446866, "distrib norm": [18518.230206915214, 31173.059957945465]}, "SSP3": {"CEPII": 74327.15014185266, "OECD": 536.3220373267914, "IIASA": 573.1595590482881, "PIK": 636.2050251082243, "distrib norm": [19018.209190833993, 32035.016575415993]}, "SSP4": {"CEPII": 74942.7117709544, "OECD": 534.9302778386078, "IIASA": 579.2791927836316, "PIK": 622.5870329329174, "distrib norm": [19169.877068627386, 32303.67718529559]}, "SSP5": {"CEPII": 69813.42005736027, "OECD": 524.0296938660642, "IIASA": 562.961511474966, "PIK": 654.7200986369955, "distrib norm": [17888.782840334574, 30074.938466864587]}}