{"SSP1": {"CEPII": 2669.082331682613, "OECD": 471.6867956455898, "IIASA": 349.5605954426611, "PIK": 314.24478386213605, "distrib norm": [18.05953146061066, 1.3841901144341409]}, "SSP2": {"CEPII": 381.78829196915297, "OECD": 352.89299658093364, "IIASA": 328.21747037430646, "PIK": 314.0020766853254, "distrib norm": [17.628519258544948, 1.3247742209678286]}, "SSP3": {"CEPII": 344.18834732913047, "OECD": 333.6286133641968, "IIASA": 326.29881792906554, "PIK": 318.393885542203, "distrib norm": [15.777228353018812, 1.0925222777478723]}, "SSP4": {"CEPII": 343.8199989722839, "OECD": 335.14378878573615, "IIASA": 325.2445400195164, "PIK": 317.73575564929814, "distrib norm": [17.897162927183917, 1.4072025544189721]}, "SSP5": {"CEPII": 338.5514634627542, "OECD": 331.2600745838094, "IIASA": 322.88295776443977, "PIK": 316.7226704423135, "distrib norm": [19.304341700950566, 1.7003856482400663]}}