{"SSP1": {"CEPII": 478.1275273248252, "OECD": 326.18363872356724, "IIASA": 620.7595974115504, "PIK": 441.8519005971216, "distrib norm": [466.7306660142661, 120.48330749128296]}, "SSP2": {"CEPII": 509.3836877469846, "OECD": 354.0586164939039, "IIASA": 749.3084222526741, "PIK": 446.0096237053246, "distrib norm": [514.6900875497217, 160.3915312746391]}, "SSP3": {"CEPII": 583.7364961601179, "OECD": 382.59974532357296, "IIASA": 859.4471549093224, "PIK": 506.16098880940706, "distrib norm": [582.9860963006051, 190.31956126955845]}, "SSP4": {"CEPII": 591.3741425433049, "OECD": 395.86083159282634, "IIASA": 827.1251095654945, "PIK": 451.970122162056, "distrib norm": [566.5825514659203, 181.56271613675017]}, "SSP5": {"CEPII": 428.558534944853, "OECD": 301.7184401084247, "IIASA": 576.2940416418932, "PIK": 474.3158593700773, "distrib norm": [445.2217190163121, 113.43344662772273]}}