{"SSP1": {"CEPII": 11966.177807910854, "OECD": 491.80652251943116, "IIASA": 482.25627767717316, "PIK": 537.1474838947178, "distrib norm": [3369.3470230005437, 4980.580966568472]}, "SSP2": {"CEPII": 12061.766061302897, "OECD": 495.3341893995842, "IIASA": 482.56646676098825, "PIK": 537.1508672657238, "distrib norm": [3394.204396182298, 5021.546826514859]}, "SSP3": {"CEPII": 12611.43926965777, "OECD": 501.9592465398223, "IIASA": 486.54047950299343, "PIK": 547.2707465270697, "distrib norm": [3536.802435556914, 5257.3367696713185]}, "SSP4": {"CEPII": 11789.067076653195, "OECD": 494.8574286110191, "IIASA": 483.24878480134026, "PIK": 529.7127398864328, "distrib norm": [3324.2215074879964, 4904.123663668848]}, "SSP5": {"CEPII": 11484.271268834245, "OECD": 486.05908561897064, "IIASA": 476.54106276133524, "PIK": 539.9477808687399, "distrib norm": [3246.704799520823, 4772.519276145974]}}