{"SSP1": 416.35801200880866, "SSP2": 439.9967623133264, "SSP3": 493.53441246570964, "SSP4": 450.03223677423944, "SSP5": 395.3677525370552}