{"SSP1": {"CEPII": 133.43124625627703, "OECD": 149.8199894640078, "IIASA": 86.29808590317768, "PIK": 74.80764112375294, "distrib norm": [111.08924068680385, 32.33733469247407]}, "SSP2": {"CEPII": 132.7512973562701, "OECD": 148.49941242923327, "IIASA": 85.10418151214502, "PIK": 75.88716944817982, "distrib norm": [110.56051518645705, 31.74804425513173]}, "SSP3": {"CEPII": 135.13525130331223, "OECD": 147.70787241357024, "IIASA": 84.20191240471061, "PIK": 78.08835428437058, "distrib norm": [111.28334760149089, 31.55735268571227]}, "SSP4": {"CEPII": 134.88730654635424, "OECD": 148.0943062605555, "IIASA": 84.59174034130625, "PIK": 74.83069442486713, "distrib norm": [110.6010118932708, 32.4123397714891]}, "SSP5": {"CEPII": 129.57614831454964, "OECD": 149.81380685316333, "IIASA": 86.26300345626603, "PIK": 75.0143719973074, "distrib norm": [110.1668326553216, 31.637069776115027]}}