{"SSP1": {"CEPII": 120.11896366311744, "OECD": 424.70392776841095, "IIASA": 582.0617974528, "PIK": 326.38314527977604, "distrib norm": [363.3169585410261, 168.3552350613321]}, "SSP2": {"CEPII": 119.84788530230739, "OECD": 422.6706088265288, "IIASA": 586.2580494620912, "PIK": 323.52849127517504, "distrib norm": [363.0762587165256, 169.8050526549471]}, "SSP3": {"CEPII": 120.48749951483038, "OECD": 419.4932546759541, "IIASA": 599.7306543430371, "PIK": 332.72191727772406, "distrib norm": [368.1083314528864, 173.30962680751043]}, "SSP4": {"CEPII": 122.51973098771327, "OECD": 425.61081235502513, "IIASA": 611.9962324227401, "PIK": 320.57459645617826, "distrib norm": [370.1753430554142, 177.94368265220766]}, "SSP5": {"CEPII": 118.40148541108103, "OECD": 423.8520153731026, "IIASA": 577.2913911901236, "PIK": 323.1539022567857, "distrib norm": [360.67469855777324, 167.5172563912917]}}