{"SSP1": {"CEPII": 58049.311813904176, "OECD": 347.81017504959976, "IIASA": 374.898707440419, "PIK": 399.2720302487127, "distrib norm": [14792.823181660726, 25053.982595181227]}, "SSP2": {"CEPII": 58517.42726922435, "OECD": 349.62491311495455, "IIASA": 375.0395382991255, "PIK": 400.316484131289, "distrib norm": [14910.602051192429, 25256.890136074035]}, "SSP3": {"CEPII": 61509.54609826381, "OECD": 355.18221533258804, "IIASA": 379.43030972755207, "PIK": 414.31323011072476, "distrib norm": [15664.617963358667, 26553.16008067093]}, "SSP4": {"CEPII": 57207.24982544496, "OECD": 350.16819107192765, "IIASA": 376.2386974884812, "PIK": 394.4413088702608, "distrib norm": [14582.024505718908, 24688.37015971862]}, "SSP5": {"CEPII": 55471.96974954411, "OECD": 342.8434874246359, "IIASA": 369.4442344059673, "PIK": 396.3268544479567, "distrib norm": [14145.146081455667, 23936.363878462238]}}