{"SSP1": {"CEPII": 119.1882467966272, "OECD": 89.6521962606907, "IIASA": 96.71740398248804, "PIK": 107.97754879706785, "distrib norm": [103.38384895921845, 40.77015131116671]}, "SSP2": {"CEPII": 126.91351261192906, "OECD": 94.3008973915752, "IIASA": 114.26691186142585, "PIK": 109.52720253337843, "distrib norm": [111.25213109957713, 43.74659841919064]}, "SSP3": {"CEPII": 144.74775132828893, "OECD": 99.67566684141775, "IIASA": 138.0855111806697, "PIK": 122.15091187661882, "distrib norm": [126.1649603067488, 51.04231088889072]}, "SSP4": {"CEPII": 146.44772501423057, "OECD": 103.58518310566164, "IIASA": 134.27361849706256, "PIK": 111.16449167241596, "distrib norm": [123.8677545723427, 50.195954914774816]}, "SSP5": {"CEPII": 111.00774793823187, "OECD": 84.6386688896795, "IIASA": 91.45107784411482, "PIK": 117.60379571469915, "distrib norm": [101.17532259668135, 40.790918831376416]}}