{"SSP1": {"CEPII": 3137.8561493163797, "OECD": 166.3718244741696, "IIASA": 141.41510497410326, "PIK": 157.57340658207005, "distrib norm": [900.8041213366806, 1291.5936036627002]}, "SSP2": {"CEPII": 3308.3765464789158, "OECD": 172.38232873937173, "IIASA": 144.10604499881129, "PIK": 159.23121614227722, "distrib norm": [946.0240340898439, 1363.941556725417]}, "SSP3": {"CEPII": 4109.040274485641, "OECD": 185.28353291612999, "IIASA": 197.58002590334857, "PIK": 177.23663515685809, "distrib norm": [1167.2851171154944, 1698.4385827750202]}, "SSP4": {"CEPII": 3055.5653585295436, "OECD": 170.61119067969815, "IIASA": 146.62200218078607, "PIK": 155.93692232273574, "distrib norm": [882.183868428191, 1254.831528835465]}, "SSP5": {"CEPII": 2675.8351115009673, "OECD": 154.2414029681277, "IIASA": 132.57467245368895, "PIK": 149.07463170796638, "distrib norm": [777.9314546576876, 1095.7844052712578]}}