{"SSP1": {"CEPII": 36986.689517531704, "OECD": 390.1856891985585, "IIASA": 464.91908254546354, "PIK": 437.7089578840391, "distrib norm": [9569.875811789942, 15880.273872540225]}, "SSP2": {"CEPII": 37330.846157922555, "OECD": 392.96449664514716, "IIASA": 465.1853244989965, "PIK": 437.97539606090805, "distrib norm": [9656.742843781904, 16029.289895101178]}, "SSP3": {"CEPII": 39572.29583934541, "OECD": 401.6825561567943, "IIASA": 472.18132361208063, "PIK": 451.82024806299023, "distrib norm": [10224.494991794321, 16998.67357726196]}, "SSP4": {"CEPII": 36559.13097126258, "OECD": 393.27802006773777, "IIASA": 466.37546891813435, "PIK": 432.3376344041909, "distrib norm": [9462.780523663161, 15694.668887339507]}, "SSP5": {"CEPII": 35044.79376190642, "OECD": 383.03641122751327, "IIASA": 456.5268390236357, "PIK": 437.53526103645765, "distrib norm": [9080.473068298506, 15039.01897203141]}}