{"SSP1": {"CEPII": 386.7533929270519, "OECD": 322.97480652368654, "IIASA": 471.8346290026449, "PIK": 417.15171118518344, "distrib norm": [399.67863490964174, 55.933314793742476]}, "SSP2": {"CEPII": 399.9716121454619, "OECD": 341.90831159794834, "IIASA": 495.46668858557723, "PIK": 422.4715445944408, "distrib norm": [414.95453923085705, 57.28082914856692]}, "SSP3": {"CEPII": 436.23946658580155, "OECD": 344.5823776636681, "IIASA": 511.7429425520342, "PIK": 443.6311772943753, "distrib norm": [434.04899102396973, 61.76674288317611]}, "SSP4": {"CEPII": 445.95127511477926, "OECD": 349.65438721179174, "IIASA": 574.0931471015681, "PIK": 411.4552927741529, "distrib norm": [445.28852555057296, 83.78755119968116]}, "SSP5": {"CEPII": 368.0961575557491, "OECD": 311.87101530826715, "IIASA": 467.29658459944187, "PIK": 437.58137152351094, "distrib norm": [396.21128224674226, 62.46708520246832]}}