{"SSP1": {"CEPII": 367.57841338422134, "OECD": 309.3269902631761, "IIASA": 474.8824695511749, "PIK": 363.6920260970581, "distrib norm": [378.8699748239076, 62.36786391271563]}, "SSP2": {"CEPII": 364.1153405662684, "OECD": 305.41522720917885, "IIASA": 471.02428318261644, "PIK": 369.86427164669317, "distrib norm": [377.6047806511892, 61.884999510304404]}, "SSP3": {"CEPII": 374.0203114477695, "OECD": 309.5310534284285, "IIASA": 478.139059186551, "PIK": 399.2784420899168, "distrib norm": [390.2422165381664, 62.84891136686352]}, "SSP4": {"CEPII": 371.2201166013024, "OECD": 310.3855104081484, "IIASA": 484.9869977583262, "PIK": 371.88393580681935, "distrib norm": [384.6191401436491, 65.40205174407497]}, "SSP5": {"CEPII": 360.7542210514641, "OECD": 306.9565207615114, "IIASA": 469.54537898158634, "PIK": 359.6371688682351, "distrib norm": [374.2233224156993, 61.489302122335374]}}