{"SSP1": {"CEPII": 509.45638368851996, "OECD": 443.0977747369107, "IIASA": 363.939071126492, "PIK": 403.60997721936724, "distrib norm": [430.0258016928225, 53.724634887078906]}, "SSP2": {"CEPII": 525.4542172709199, "OECD": 447.75947414600586, "IIASA": 377.8087545274554, "PIK": 409.30704650786805, "distrib norm": [440.0823731130623, 55.16433167044078]}, "SSP3": {"CEPII": 581.8132462987804, "OECD": 438.5971984603949, "IIASA": 411.35146502062804, "PIK": 449.4759502836842, "distrib norm": [470.3094650158718, 65.85750183162084]}, "SSP4": {"CEPII": 565.2003485266005, "OECD": 457.00921075181395, "IIASA": 447.71176936763936, "PIK": 396.55142802996585, "distrib norm": [466.61818916900484, 61.39539546262612]}, "SSP5": {"CEPII": 477.37651433958945, "OECD": 411.93272169401274, "IIASA": 348.08929138025934, "PIK": 403.08000367328265, "distrib norm": [410.11963277178603, 45.891434496699056]}}