{"SSP1": {"CEPII": 20614.023852315484, "OECD": 449.13689919515804, "IIASA": 435.0119835210329, "PIK": 496.29171043228257, "distrib norm": [5498.616111365989, 8755.761434721953]}, "SSP2": {"CEPII": 20648.374046015797, "OECD": 452.0866380430229, "IIASA": 435.4699197270241, "PIK": 493.1207336214227, "distrib norm": [5507.262834351817, 8770.643979189157]}, "SSP3": {"CEPII": 21072.207782716305, "OECD": 452.54387146016023, "IIASA": 438.03027696258, "PIK": 499.5404115394486, "distrib norm": [5615.580585669622, 8953.3939370908]}, "SSP4": {"CEPII": 21345.356167963266, "OECD": 453.2530503619712, "IIASA": 443.6581364371973, "PIK": 484.38621132988965, "distrib norm": [5681.663391523081, 9073.294572021563]}, "SSP5": {"CEPII": 20116.600834740264, "OECD": 446.9860426433614, "IIASA": 432.42733697251475, "PIK": 505.48911511746684, "distrib norm": [5375.375832368401, 8539.06564845545]}}