{"SSP1": {"CEPII": 2898.1958231760523, "OECD": 236.6246842714632, "IIASA": 267.9282838700884, "PIK": 241.91143810720305, "distrib norm": [911.1650573562018, 1151.6996561202245]}, "SSP2": {"CEPII": 2924.2698607376697, "OECD": 238.06990603689536, "IIASA": 268.8977666544209, "PIK": 242.7743598175345, "distrib norm": [918.5029733116303, 1162.5523473964158]}, "SSP3": {"CEPII": 3080.6935160195744, "OECD": 241.53341991124748, "IIASA": 273.08879730513956, "PIK": 251.03368279571646, "distrib norm": [961.5873540079197, 1228.202109351832]}, "SSP4": {"CEPII": 2863.2518405710375, "OECD": 238.17924703127184, "IIASA": 268.3597289233604, "PIK": 239.99323078746698, "distrib norm": [902.4460118282841, 1136.5147683769699]}, "SSP5": {"CEPII": 2772.060765568652, "OECD": 233.3976217777404, "IIASA": 264.29695380464176, "PIK": 239.03709158493453, "distrib norm": [877.1981081839923, 1098.3130420023508]}}