{"SSP1": {"CEPII": 450.94521499152586, "OECD": 435.1923121480005, "IIASA": 422.1320155488476, "PIK": 428.95224588852415, "distrib norm": [434.3054471442246, 33.92919731727785]}, "SSP2": {"CEPII": 466.479205111772, "OECD": 480.1676126304406, "IIASA": 425.62827744294526, "PIK": 438.54553104715643, "distrib norm": [452.7051565580786, 33.23436592725857]}, "SSP3": {"CEPII": 516.4345396998411, "OECD": 489.19056144082157, "IIASA": 430.8043224052007, "PIK": 448.8284318726618, "distrib norm": [471.31446385463124, 38.196266769513386]}, "SSP4": {"CEPII": 514.47258716817, "OECD": 481.32710646489824, "IIASA": 440.0343208252484, "PIK": 434.0754316771856, "distrib norm": [467.47736153387547, 37.89332795371388]}, "SSP5": {"CEPII": 406.35955751667086, "OECD": 386.0739025695499, "IIASA": 416.3844366476492, "PIK": 430.9058029343591, "distrib norm": [409.93092491705727, 41.09618170552389]}}