{"SSP1": {"CEPII": 454.46881342023437, "OECD": 479.8494895997908, "IIASA": 672.0027263979877, "PIK": 505.13265821368554, "distrib norm": [527.8634219079246, 92.74365743366492]}, "SSP2": {"CEPII": 458.1659360594269, "OECD": 481.3204658704008, "IIASA": 704.9722551199848, "PIK": 516.561339792919, "distrib norm": [540.2549992106829, 104.4257027824132]}, "SSP3": {"CEPII": 475.65392961444036, "OECD": 485.6665371495283, "IIASA": 752.0590520754317, "PIK": 562.919409173199, "distrib norm": [569.0747320031498, 117.87612905992145]}, "SSP4": {"CEPII": 476.8038393345219, "OECD": 489.16597867241035, "IIASA": 753.3449432178559, "PIK": 532.4136965034204, "distrib norm": [562.9321144320521, 118.63146323104668]}, "SSP5": {"CEPII": 447.2856833187695, "OECD": 477.8322062930232, "IIASA": 666.4101085991176, "PIK": 520.4816275847306, "distrib norm": [528.0024064489102, 91.74064107611551]}}