{"SSP1": {"CEPII": 581.9821755893126, "OECD": 546.6255186951181, "IIASA": 425.0155417838857, "PIK": 489.1233205105955, "distrib norm": [510.68663914472796, 63.71588921824954]}, "SSP2": {"CEPII": 583.5834704920208, "OECD": 544.7266440108056, "IIASA": 422.5511672510668, "PIK": 483.889711474027, "distrib norm": [508.6877483069801, 65.16886356521351]}, "SSP3": {"CEPII": 616.8636418528743, "OECD": 565.6075874425179, "IIASA": 430.0071009445612, "PIK": 499.2030140375425, "distrib norm": [527.920336069374, 74.0825812764804]}, "SSP4": {"CEPII": 600.1379098815728, "OECD": 548.6166259882839, "IIASA": 432.49355693131315, "PIK": 482.3264400712831, "distrib norm": [515.8936332181132, 67.74140758188702]}, "SSP5": {"CEPII": 545.12111745158, "OECD": 528.5581715324473, "IIASA": 407.72280850660167, "PIK": 480.9395687734409, "distrib norm": [490.58541656601744, 57.603672670674456]}}