{"SSP1": {"CEPII": 473.98502729512137, "OECD": 470.8462531383016, "IIASA": 460.5943782773392, "PIK": 659.0016216927191, "distrib norm": [516.1068201008703, 99.57223895433165]}, "SSP2": {"CEPII": 501.7787152989155, "OECD": 509.3949722250968, "IIASA": 500.8906719103136, "PIK": 690.3972010428089, "distrib norm": [550.6153901192837, 100.0987743204187]}, "SSP3": {"CEPII": 577.082761138955, "OECD": 536.9167688227143, "IIASA": 597.0026282713766, "PIK": 814.6525992912915, "distrib norm": [631.4136893810844, 127.6417761014319]}, "SSP4": {"CEPII": 601.2240277424821, "OECD": 552.2140531065368, "IIASA": 582.3697737027998, "PIK": 709.2553323002583, "distrib norm": [611.2657967130192, 88.11041643954077]}, "SSP5": {"CEPII": 395.4716319710832, "OECD": 433.80200934912546, "IIASA": 430.78230984533747, "PIK": 702.1108434490897, "distrib norm": [490.54169865365895, 134.29365289038066]}}