{"SSP1": {"CEPII": 94.94918591609938, "OECD": 110.95923859979797, "IIASA": 90.66391803765866, "PIK": 113.26592371967982, "distrib norm": [102.45956656830896, 9.805163452558768]}, "SSP2": {"CEPII": 103.44865731790111, "OECD": 116.01073490293312, "IIASA": 91.9857552427893, "PIK": 113.65296885579156, "distrib norm": [106.27452907985376, 9.505126068841562]}, "SSP3": {"CEPII": 126.26106626468935, "OECD": 124.58163654388774, "IIASA": 127.14524170873182, "PIK": 131.55051305465298, "distrib norm": [127.38461439299049, 2.57541531409887]}, "SSP4": {"CEPII": 87.24860302218569, "OECD": 112.23741787733485, "IIASA": 91.9033893849951, "PIK": 113.10479606979152, "distrib norm": [101.12355158857679, 11.668267137662154]}, "SSP5": {"CEPII": 84.9643183786549, "OECD": 99.39571613635961, "IIASA": 83.54661052614962, "PIK": 101.90798513995551, "distrib norm": [92.45365754527991, 8.26138873772395]}}