{"SSP1": {"CEPII": 196.17910760743925, "OECD": 205.71302653543157, "IIASA": 199.34903602351025, "PIK": 148.0335106389103, "distrib norm": [187.31867020132285, 26.363756952068933]}, "SSP2": {"CEPII": 196.8419868264996, "OECD": 205.7332149632385, "IIASA": 203.69278030141, "PIK": 148.9287791803536, "distrib norm": [188.79919031787543, 26.688140027732807]}, "SSP3": {"CEPII": 198.24932648345398, "OECD": 200.73668434455456, "IIASA": 204.63306565790424, "PIK": 151.00102548105775, "distrib norm": [188.65502549174266, 25.470689730560622]}, "SSP4": {"CEPII": 203.9723689260772, "OECD": 208.71577547662588, "IIASA": 213.1160818522933, "PIK": 146.79701890445384, "distrib norm": [193.15031128986257, 30.115642181646663]}, "SSP5": {"CEPII": 194.14071139708972, "OECD": 209.38560719385504, "IIASA": 201.75893035324052, "PIK": 152.287457326398, "distrib norm": [189.3931765676458, 25.69704716204078]}}