{"SSP1": {"CEPII": 20661.48355365046, "OECD": 224.307898297178, "IIASA": 224.7523952493125, "PIK": 180.2384763019347, "distrib norm": [5322.695580874721, 8884.397357317677]}, "SSP2": {"CEPII": 20824.277868530102, "OECD": 225.6922360175102, "IIASA": 225.6331665999033, "PIK": 180.62791022912185, "distrib norm": [5364.057795344159, 8954.73031119072]}, "SSP3": {"CEPII": 21985.9565285164, "OECD": 229.84654076754987, "IIASA": 256.44855697043073, "PIK": 185.6154226692424, "distrib norm": [5664.466762230906, 9453.605729529167]}, "SSP4": {"CEPII": 20380.861902561974, "OECD": 225.75854305470665, "IIASA": 226.91497172879042, "PIK": 178.67420933817826, "distrib norm": [5253.052406670911, 8762.209885496331]}, "SSP5": {"CEPII": 19693.685995174135, "OECD": 221.0475482974596, "IIASA": 221.65380924399878, "PIK": 178.06773168286878, "distrib norm": [5078.613771099615, 8465.234072143543]}}