{"SSP1": 495.4820237975005, "SSP2": 496.78665227502614, "SSP3": 509.3825622056973, "SSP4": 513.6876738169913, "SSP5": 496.16902058237343}