{"SSP1": 789.6157309334416, "SSP2": 786.1366244889597, "SSP3": 815.759876559176, "SSP4": 776.6679573080786, "SSP5": 721.4907570605644}