{"SSP1": {"CEPII": 797.1416645392278, "OECD": 609.9328633009184, "IIASA": 597.8301684943688, "PIK": 584.0413288818274, "distrib norm": [647.2365063040857, 109.29860769793434]}, "SSP2": {"CEPII": 834.7477552373864, "OECD": 675.1265092361037, "IIASA": 678.982167128688, "PIK": 607.1933202853687, "distrib norm": [699.0124379718867, 109.71125872289795]}, "SSP3": {"CEPII": 981.6868546513055, "OECD": 713.8980817181767, "IIASA": 848.9442462809154, "PIK": 675.0796966649834, "distrib norm": [804.9022198288452, 146.1933973359658]}, "SSP4": {"CEPII": 1019.9840148391102, "OECD": 743.7064363073418, "IIASA": 835.3786197375736, "PIK": 610.2761412767923, "distrib norm": [802.3363030402044, 170.36130875219837]}, "SSP5": {"CEPII": 693.4595604809984, "OECD": 567.8059499986122, "IIASA": 561.2775827895476, "PIK": 629.5780069119671, "distrib norm": [613.0302750452813, 82.14726143325473]}}