{"SSP1": {"CEPII": 867.58047803034, "OECD": 729.8394687495596, "IIASA": 1098.072173810821, "PIK": 939.2034807374695, "distrib norm": [908.6739003320477, 141.92022756795808]}, "SSP2": {"CEPII": 893.4492790825758, "OECD": 764.0845266652359, "IIASA": 1180.2954478500028, "PIK": 973.2198144088276, "distrib norm": [952.7622670016606, 160.03340652001648]}, "SSP3": {"CEPII": 1015.0847860448255, "OECD": 811.4948807362767, "IIASA": 1332.3826951532656, "PIK": 1162.0263240445322, "distrib norm": [1080.247171494725, 200.70928543858915]}, "SSP4": {"CEPII": 1008.1329626736954, "OECD": 814.2578867993896, "IIASA": 1296.802879463611, "PIK": 1002.9836082005226, "distrib norm": [1030.5443342843046, 181.65869185967406]}, "SSP5": {"CEPII": 792.153096727769, "OECD": 681.9982031576897, "IIASA": 1018.628696706221, "PIK": 993.9123565817067, "distrib norm": [871.6730882933466, 148.46409834744316]}}