{"SSP1": {"CEPII": 709.6316171219937, "OECD": 183.3638350763306, "IIASA": 738.5047486918351, "PIK": 353.55472016856254, "distrib norm": [496.26373026468053, 236.8543948156745]}, "SSP2": {"CEPII": 762.6046030718472, "OECD": 230.46798754586237, "IIASA": 850.3630971803049, "PIK": 360.72119325683946, "distrib norm": [551.0392202637136, 262.5399030685135]}, "SSP3": {"CEPII": 852.8478844705056, "OECD": 276.6184367407672, "IIASA": 1289.2274656628247, "PIK": 388.80506837079497, "distrib norm": [701.8747138112232, 403.35947657801756]}, "SSP4": {"CEPII": 886.1208465473834, "OECD": 302.8018946936924, "IIASA": 1276.559665522929, "PIK": 366.4876208370875, "distrib norm": [707.992506900273, 400.0015041923114]}, "SSP5": {"CEPII": 689.5651717687135, "OECD": 167.8289637033701, "IIASA": 718.6239549733723, "PIK": 399.5870732715126, "distrib norm": [493.9012909292421, 226.86996741623852]}}