{"SSP1": {"CEPII": 391.25787813093046, "OECD": 565.5832858263808, "IIASA": 271.669220057784, "PIK": 558.1127815144513, "distrib norm": [446.6557913823866, 123.854066124136]}, "SSP2": {"CEPII": 402.0846100898454, "OECD": 641.3200895409884, "IIASA": 277.0821352185532, "PIK": 595.3681913376423, "distrib norm": [478.9637565467573, 148.21227618424248]}, "SSP3": {"CEPII": 432.84413715911165, "OECD": 660.1771784514377, "IIASA": 271.89916624156416, "PIK": 676.3997041157924, "distrib norm": [510.3300464919765, 169.09423784611496]}, "SSP4": {"CEPII": 445.1455156572951, "OECD": 640.4915451452488, "IIASA": 300.8579375812792, "PIK": 574.1847375633992, "distrib norm": [490.16993398680546, 131.1907156550009]}, "SSP5": {"CEPII": 385.72574381536936, "OECD": 529.7323392306716, "IIASA": 272.24971789237105, "PIK": 616.3101937309364, "distrib norm": [451.0044986673371, 133.11140797948315]}}