{"SSP1": {"CEPII": 385.41575997960683, "OECD": 455.95833034518733, "IIASA": 650.6640284187225, "PIK": 536.5741191603018, "distrib norm": [507.1530594759547, 98.61778153466813]}, "SSP2": {"CEPII": 407.28210883336584, "OECD": 469.63237890744756, "IIASA": 687.6663144965661, "PIK": 519.6589130537507, "distrib norm": [521.0599288227826, 104.10311691335787]}, "SSP3": {"CEPII": 469.5108558307403, "OECD": 487.9940068605674, "IIASA": 750.6952288998419, "PIK": 545.3347540898213, "distrib norm": [563.3837114202428, 111.69947404906195]}, "SSP4": {"CEPII": 381.79462995855494, "OECD": 484.35581589626315, "IIASA": 807.4005883013378, "PIK": 495.69950494259496, "distrib norm": [542.3126347746877, 159.34979581281985]}, "SSP5": {"CEPII": 346.4034884636282, "OECD": 434.92378233054484, "IIASA": 624.0032971628373, "PIK": 541.2267615973996, "distrib norm": [486.6393323886025, 105.10617998633562]}}