{"SSP1": {"CEPII": 363.7091488900456, "OECD": 394.6484288301939, "IIASA": 275.8629846652775, "PIK": 319.53935814593757, "distrib norm": [338.4399801328636, 50.69784687466502]}, "SSP2": {"CEPII": 364.75160344058014, "OECD": 394.57527370874783, "IIASA": 288.3784445433653, "PIK": 320.0561084458743, "distrib norm": [341.94035753464186, 47.1354565805221]}, "SSP3": {"CEPII": 372.18842955261357, "OECD": 392.4815153448004, "IIASA": 294.5339210948234, "PIK": 325.6684818119616, "distrib norm": [346.21808695104977, 45.3019749288217]}, "SSP4": {"CEPII": 375.1992804563177, "OECD": 398.46466030185235, "IIASA": 298.1826451807775, "PIK": 322.4889620597505, "distrib norm": [348.5838869996745, 46.77621071058428]}, "SSP5": {"CEPII": 353.8774286204233, "OECD": 395.663987166633, "IIASA": 275.6265951088382, "PIK": 332.8362363908471, "distrib norm": [339.5010618216854, 49.26011769554409]}}