{"SSP1": {"CEPII": 86.04101203077919, "OECD": 103.060057666311, "IIASA": 90.62911526137232, "PIK": 154.18740939423262, "distrib norm": [108.4793985881738, 28.185859196690533]}, "SSP2": {"CEPII": 86.03658305018689, "OECD": 102.73534840773172, "IIASA": 93.8568089481857, "PIK": 157.00786758488474, "distrib norm": [109.90915199774727, 28.900942105680645]}, "SSP3": {"CEPII": 86.94361328605652, "OECD": 100.91744135245305, "IIASA": 94.09508747969092, "PIK": 168.23570812743873, "distrib norm": [112.5479625614098, 33.513895025583395]}, "SSP4": {"CEPII": 88.85095119883688, "OECD": 103.60098818059176, "IIASA": 97.15142815774323, "PIK": 163.49160606736632, "distrib norm": [113.27374340113455, 30.543161552992466]}, "SSP5": {"CEPII": 85.11883532013488, "OECD": 104.09066637535587, "IIASA": 91.24576162561519, "PIK": 159.8835206282166, "distrib norm": [110.08469598733063, 30.57937142806563]}}