{"SSP1": {"CEPII": 558.1288062683666, "OECD": 575.6105259239456, "IIASA": 575.6135068139258, "PIK": 575.6135068139258, "distrib norm": [571.241586455041, 40.054831369406536]}, "SSP2": {"CEPII": 558.1288062683665, "OECD": 575.6105259239455, "IIASA": 575.6135068139258, "PIK": 575.6135068139258, "distrib norm": [571.2415864550409, 40.05483136940653]}, "SSP3": {"CEPII": 558.1288062683665, "OECD": 575.6105259239456, "IIASA": 575.6135068139257, "PIK": 575.6135068139258, "distrib norm": [571.2415864550409, 40.05483136940653]}, "SSP4": {"CEPII": 558.1288062683665, "OECD": 575.6105259239456, "IIASA": 575.6135068139258, "PIK": 575.6135068139258, "distrib norm": [571.2415864550409, 40.05483136940653]}, "SSP5": {"CEPII": 558.1288062683666, "OECD": 575.6105259239456, "IIASA": 575.6135068139258, "PIK": 575.6135068139258, "distrib norm": [571.2415864550409, 40.05483136940653]}}