{"SSP1": {"CEPII": 93.4596396098835, "OECD": 82.57354877085548, "IIASA": 72.05113199624522, "PIK": 53.15000217035117, "distrib norm": [75.30858063683384, 14.864843382397442]}, "SSP2": {"CEPII": 96.35438981652489, "OECD": 91.20086160473882, "IIASA": 78.66520851889844, "PIK": 52.71615868820308, "distrib norm": [79.73415465709131, 16.873295002750048]}, "SSP3": {"CEPII": 105.04344524422754, "OECD": 95.32064342559967, "IIASA": 81.70167886240463, "PIK": 56.97561535260766, "distrib norm": [84.76034572120986, 18.05734406325483]}, "SSP4": {"CEPII": 108.32813550995951, "OECD": 105.55971079531288, "IIASA": 92.30000052918811, "PIK": 51.587576830009986, "distrib norm": [89.44385591611761, 22.680345139358643]}, "SSP5": {"CEPII": 88.35767373879465, "OECD": 77.16069069205886, "IIASA": 71.75976764627897, "PIK": 56.40095161388322, "distrib norm": [73.41977092275393, 11.505772929357585]}}