{"SSP1": {"CEPII": 139.05244026479295, "OECD": 175.5520576855434, "IIASA": 217.45123404589944, "PIK": 196.86511819436006, "distrib norm": [182.230212547649, 28.99835594624627]}, "SSP2": {"CEPII": 145.96099159164467, "OECD": 183.453529617173, "IIASA": 227.58597929391274, "PIK": 220.14826791514122, "distrib norm": [194.2871921044679, 32.52074095584058]}, "SSP3": {"CEPII": 177.8995366145038, "OECD": 205.03009140392308, "IIASA": 259.45066357380176, "PIK": 293.34506763200847, "distrib norm": [233.93133980605927, 45.15548711905899]}, "SSP4": {"CEPII": 165.83920711379548, "OECD": 194.06427404930395, "IIASA": 267.50390806291773, "PIK": 251.04628227534616, "distrib norm": [219.61341787534087, 41.30964932090972]}, "SSP5": {"CEPII": 126.21817452737693, "OECD": 163.65095499631116, "IIASA": 203.98735484760087, "PIK": 189.83631996593599, "distrib norm": [170.92320108430624, 29.59040931000097]}}