{"SSP1": {"CEPII": 904.935603349836, "OECD": 704.45149792105, "IIASA": 972.5297929751345, "PIK": 826.2438623757445, "distrib norm": [852.0401891554413, 136.85447756045602]}, "SSP2": {"CEPII": 966.3330678824697, "OECD": 754.2521084036719, "IIASA": 1137.6168114313587, "PIK": 860.8371268916591, "distrib norm": [929.7597786522899, 174.8892911179875]}, "SSP3": {"CEPII": 1124.310414416131, "OECD": 809.7415312575292, "IIASA": 1417.694412823048, "PIK": 1024.3434140753825, "distrib norm": [1094.0224431430229, 250.40444207004325]}, "SSP4": {"CEPII": 1113.934378432618, "OECD": 833.622447534121, "IIASA": 1389.9881061474166, "PIK": 884.9335004778449, "distrib norm": [1055.619608148, 249.5801211826198]}, "SSP5": {"CEPII": 827.5443573177324, "OECD": 654.5523443872622, "IIASA": 910.7089926999597, "PIK": 884.5015813326258, "distrib norm": [819.326818934395, 134.49770424809324]}}