{"SSP1": {"CEPII": 205.87982482323514, "OECD": 214.55055253667555, "IIASA": 240.47711348600214, "PIK": 199.0081625273556, "distrib norm": [214.97891334331712, 15.717824253207848]}, "SSP2": {"CEPII": 209.5412935323798, "OECD": 226.18683822121923, "IIASA": 246.5411075084353, "PIK": 204.56984157780246, "distrib norm": [221.7097702099592, 16.42017378239609]}, "SSP3": {"CEPII": 234.84538048076456, "OECD": 238.95047115947045, "IIASA": 289.11673573335474, "PIK": 219.693090554351, "distrib norm": [245.6514194819852, 26.099529425181853]}, "SSP4": {"CEPII": 195.25365148553544, "OECD": 218.6022482330704, "IIASA": 243.32066193525827, "PIK": 204.7889965415275, "distrib norm": [215.4913895488479, 18.084890802218137]}, "SSP5": {"CEPII": 186.94764065496003, "OECD": 200.23486145049216, "IIASA": 227.25656073268362, "PIK": 187.09959242908886, "distrib norm": [200.38466381680615, 16.425346250804207]}}