{"SSP1": {"CEPII": 571.1273468158198, "OECD": 446.43379572108927, "IIASA": 555.2140035683196, "PIK": 580.3021941349124, "distrib norm": [538.2693350600352, 58.83734887832937]}, "SSP2": {"CEPII": 570.5320541660159, "OECD": 444.32812772119325, "IIASA": 554.5201029491915, "PIK": 576.6494429819054, "distrib norm": [536.5074319545765, 58.85546542535698]}, "SSP3": {"CEPII": 588.0495403795114, "OECD": 449.52571696081077, "IIASA": 568.6717873705968, "PIK": 614.3506751653314, "distrib norm": [555.1494299690627, 67.74726113323699]}, "SSP4": {"CEPII": 572.3210614564134, "OECD": 444.44672907937394, "IIASA": 567.5351928520448, "PIK": 572.2885698598435, "distrib norm": [539.1478883119188, 59.70995409997695]}, "SSP5": {"CEPII": 556.713044985276, "OECD": 434.59260126307254, "IIASA": 534.9762573421841, "PIK": 562.1897171510425, "distrib norm": [522.1179051853939, 56.509627108044796]}}