{"SSP1": {"CEPII": 23061.197819420704, "OECD": 200.62330922033425, "IIASA": 205.7658139220206, "PIK": 208.98174201041886, "distrib norm": [5919.14217114337, 9928.766914365768]}, "SSP2": {"CEPII": 23354.89213898837, "OECD": 201.71676645031255, "IIASA": 206.3202313942448, "PIK": 209.58049848229342, "distrib norm": [5993.1274088288055, 10056.018168164936]}, "SSP3": {"CEPII": 24959.831341804864, "OECD": 205.49793772198953, "IIASA": 215.34770939450996, "PIK": 215.70313676058385, "distrib norm": [6399.095031420486, 10750.44635482963]}, "SSP4": {"CEPII": 22740.21593125098, "OECD": 202.12976271490766, "IIASA": 206.00784886354742, "PIK": 207.53741866181997, "distrib norm": [5838.972740372814, 9789.295286625647]}, "SSP5": {"CEPII": 21931.84017100671, "OECD": 197.67223440703356, "IIASA": 202.5566586442622, "PIK": 207.5529471577761, "distrib norm": [5634.905502803945, 9439.290155948835]}}