{"SSP1": {"CEPII": 2345.4510926034504, "OECD": 1834.7727458832073, "IIASA": 1498.2109373233302, "PIK": 1388.3807413719069, "distrib norm": [1766.7038792954736, 392.6224286664771]}, "SSP2": {"CEPII": 2346.879214359578, "OECD": 1840.1919128153547, "IIASA": 1527.62541346123, "PIK": 1389.5391852474604, "distrib norm": [1776.058931470906, 388.40693782428707]}, "SSP3": {"CEPII": 2369.502625024182, "OECD": 1809.3899805586702, "IIASA": 1526.4780235327278, "PIK": 1399.7503191082283, "distrib norm": [1776.280237055952, 393.58942199349065]}, "SSP4": {"CEPII": 2443.8976114179113, "OECD": 1863.0866601125747, "IIASA": 1575.1521534467872, "PIK": 1369.230975516277, "distrib norm": [1812.8418501233875, 424.10367133292914]}, "SSP5": {"CEPII": 2290.204898832244, "OECD": 1858.003812000668, "IIASA": 1507.090438409437, "PIK": 1430.0113551598995, "distrib norm": [1771.3276261005622, 362.19840449018574]}}