{"SSP1": {"CEPII": 506.50051787465634, "OECD": 465.62114540072315, "IIASA": 595.3730875813693, "PIK": 696.3714783788432, "distrib norm": [565.9665573088979, 113.09229555442104]}, "SSP2": {"CEPII": 548.424153014617, "OECD": 494.0655151463905, "IIASA": 662.0490770340743, "PIK": 752.1801458537667, "distrib norm": [614.1797227622121, 125.8098172208058]}, "SSP3": {"CEPII": 656.9977759486325, "OECD": 541.9417806269755, "IIASA": 754.8258312911317, "PIK": 877.9991946171383, "distrib norm": [707.9411456209695, 151.86114765269974]}, "SSP4": {"CEPII": 616.2576688086392, "OECD": 513.8673672090448, "IIASA": 763.2238966916943, "PIK": 732.4282318331313, "distrib norm": [656.4442911356275, 128.01429562904207]}, "SSP5": {"CEPII": 434.4924171890576, "OECD": 437.59164481142943, "IIASA": 554.3995131983097, "PIK": 687.4332494734614, "distrib norm": [528.4792061680646, 122.91126736135138]}}