{"SSP1": {"CEPII": 521.7904987128886, "OECD": 508.5482938706641, "IIASA": 474.53897892490215, "PIK": 422.85806442132343, "distrib norm": [481.93395898244455, 50.677982781159045]}, "SSP2": {"CEPII": 521.7865786918944, "OECD": 505.6938180061135, "IIASA": 476.7679746657177, "PIK": 432.561844965004, "distrib norm": [484.2025540821824, 47.6015838950215]}, "SSP3": {"CEPII": 544.283040098832, "OECD": 509.91295228954573, "IIASA": 485.83259114788603, "PIK": 453.59139954661333, "distrib norm": [498.40499577071927, 47.7870708571085]}, "SSP4": {"CEPII": 538.1764327097775, "OECD": 502.4557344429688, "IIASA": 484.72676367839745, "PIK": 429.2981120117288, "distrib norm": [488.6642607107181, 51.81334930276002]}, "SSP5": {"CEPII": 494.34791353967415, "OECD": 501.5869169124528, "IIASA": 467.17801692241875, "PIK": 419.0091593914015, "distrib norm": [470.53050169148685, 45.86731660846768]}}