{"SSP1": {"CEPII": 171.29670395348862, "OECD": 164.59174734099193, "IIASA": 367.55597968005, "PIK": 208.26920096727596, "distrib norm": [227.92840798545168, 85.89084051983545]}, "SSP2": {"CEPII": 179.82050623924715, "OECD": 176.26333037222227, "IIASA": 404.66156969601604, "PIK": 232.6245212601818, "distrib norm": [248.34248189191683, 96.76846315677523]}, "SSP3": {"CEPII": 204.33061024754934, "OECD": 185.2400085097193, "IIASA": 394.751814008094, "PIK": 288.3048009913718, "distrib norm": [268.15680843918364, 87.47896581699906]}, "SSP4": {"CEPII": 201.43456861333286, "OECD": 181.2840832708674, "IIASA": 469.4067932032802, "PIK": 253.6258750431265, "distrib norm": [276.4378300326518, 118.43557414459819]}, "SSP5": {"CEPII": 152.16935162248623, "OECD": 153.60083718453896, "IIASA": 350.3378884656802, "PIK": 203.79307483461506, "distrib norm": [214.9752880268301, 84.14648584520327]}}