{"SSP1": {"CEPII": 14054.57957863108, "OECD": 234.78436874192954, "IIASA": 202.23783860770297, "PIK": 241.4807081046713, "distrib norm": [3683.270623521345, 6007.426239336363]}, "SSP2": {"CEPII": 14217.874721336746, "OECD": 235.65126860937505, "IIASA": 202.18008203821717, "PIK": 241.95309857689244, "distrib norm": [3724.4147926403075, 6078.174115365793]}, "SSP3": {"CEPII": 15075.247828777925, "OECD": 239.02379457639242, "IIASA": 211.1637400507384, "PIK": 250.7244596883242, "distrib norm": [3944.0399557733444, 6447.556262502451]}, "SSP4": {"CEPII": 13900.340859027338, "OECD": 236.57480645034872, "IIASA": 202.82542452532587, "PIK": 239.25121456266436, "distrib norm": [3644.7480761414195, 5940.406058152257]}, "SSP5": {"CEPII": 13432.75043462202, "OECD": 232.18834326429018, "IIASA": 200.0118988342457, "PIK": 237.28459956344562, "distrib norm": [3525.558819071, 5738.614157928522]}}