{"SSP1": {"CEPII": 382263.8759570731, "OECD": 1036.0887989426922, "IIASA": 1081.5585995483593, "PIK": 1137.6413591722562, "distrib norm": [96379.79117868411, 165579.00778930835]}, "SSP2": {"CEPII": 383521.3074304001, "OECD": 1043.052790257418, "IIASA": 1080.228985210698, "PIK": 1135.845234651694, "distrib norm": [96695.10861012996, 166124.6566099111]}, "SSP3": {"CEPII": 393701.2999383939, "OECD": 1046.048986523118, "IIASA": 1079.448474183976, "PIK": 1167.6292403234643, "distrib norm": [99248.6066598561, 170541.7411873793]}, "SSP4": {"CEPII": 396862.06922973535, "OECD": 1046.9827872545563, "IIASA": 1096.5508886672578, "PIK": 1117.6778653725046, "distrib norm": [100030.82019275741, 171919.30046601465]}, "SSP5": {"CEPII": 372545.0142827908, "OECD": 1028.9172337402808, "IIASA": 1074.5800894407234, "PIK": 1149.680879235291, "distrib norm": [93949.54812130179, 161357.64510413125]}}