{"SSP1": {"CEPII": 15716.829445391568, "OECD": 158.45438670494164, "IIASA": 147.56448307336623, "PIK": 161.97543193467368, "distrib norm": [4046.2059367761367, 6759.733318509135]}, "SSP2": {"CEPII": 16252.98616665205, "OECD": 159.23912348482673, "IIASA": 147.82562868284103, "PIK": 162.41371006023186, "distrib norm": [4180.616157219987, 6992.4147356386575]}, "SSP3": {"CEPII": 17790.600565042638, "OECD": 162.62048974089146, "IIASA": 175.89719506398788, "PIK": 169.40624988198255, "distrib norm": [4574.631124932374, 7654.790250443561]}, "SSP4": {"CEPII": 15542.79809822984, "OECD": 159.77936867280292, "IIASA": 147.46339636573535, "PIK": 160.9210151631053, "distrib norm": [4002.740469607871, 6684.113482400431]}, "SSP5": {"CEPII": 14812.6539128542, "OECD": 155.59819062371236, "IIASA": 145.1656533361521, "PIK": 158.16059592732677, "distrib norm": [3817.8945881853483, 6368.28347921749]}}