{"SSP1": {"CEPII": 224.2737813999688, "OECD": 220.53550179012404, "IIASA": 228.6903323589962, "PIK": 232.84532741423212, "distrib norm": [12.870215859164885, 0.30053574220926677]}, "SSP2": {"CEPII": 234.6534141125859, "OECD": 233.28221854143123, "IIASA": 235.64105059910685, "PIK": 236.9898938855613, "distrib norm": [12.867847409481644, 0.3002509689837117]}, "SSP3": {"CEPII": 241.85686656580697, "OECD": 241.80610665266028, "IIASA": 244.79103571093907, "PIK": 246.80827245462666, "distrib norm": [12.862450499816566, 0.2996587327257562]}, "SSP4": {"CEPII": 244.18148173571853, "OECD": 242.65245102677315, "IIASA": 243.65274507938972, "PIK": 243.48718841643498, "distrib norm": [12.864793240070034, 0.29997984165162794]}, "SSP5": {"CEPII": 240.3280995387586, "OECD": 237.66371437044552, "IIASA": 237.2711846272808, "PIK": 237.24873027741765, "distrib norm": [12.875070828533865, 0.3011242453014368]}}