{"SSP1": {"CEPII": 195.62465168027487, "OECD": 202.88487713016096, "IIASA": 375.72405853869435, "PIK": 236.7333405083105, "distrib norm": [252.74173196436013, 72.67906865250707]}, "SSP2": {"CEPII": 199.0583840690288, "OECD": 210.76034946987204, "IIASA": 386.8227912897961, "PIK": 247.24966366044282, "distrib norm": [260.97279712228493, 74.8017878578942]}, "SSP3": {"CEPII": 223.81300067823489, "OECD": 223.85575728511424, "IIASA": 388.5907682888892, "PIK": 268.9706605032933, "distrib norm": [276.3075466888829, 67.3947685734912]}, "SSP4": {"CEPII": 184.98822528032255, "OECD": 206.43849505975746, "IIASA": 384.04219876130594, "PIK": 245.00256106309868, "distrib norm": [255.11787004112117, 77.47846577359923]}, "SSP5": {"CEPII": 176.61316584843976, "OECD": 190.93555135037482, "IIASA": 354.5367495768475, "PIK": 228.3982817691857, "distrib norm": [237.62093713621195, 70.09963975325829]}}