{"SSP1": {"CEPII": 375.0454447686271, "OECD": 397.5363741661949, "IIASA": 191.3548428652144, "PIK": 327.8545303318851, "distrib norm": [322.9477980329804, 91.10333300011709]}, "SSP2": {"CEPII": 386.9783161809239, "OECD": 449.34350555164923, "IIASA": 199.83695216833777, "PIK": 331.10787502449136, "distrib norm": [341.8166622313506, 103.02391903690905]}, "SSP3": {"CEPII": 404.6109822875746, "OECD": 458.059714439328, "IIASA": 192.18973684139016, "PIK": 344.1731851493851, "distrib norm": [349.7584046794194, 110.28638766549746]}, "SSP4": {"CEPII": 434.2652287031277, "OECD": 454.21469469100776, "IIASA": 217.5615484048679, "PIK": 316.3962777774544, "distrib norm": [355.6094373941145, 106.99252296105689]}, "SSP5": {"CEPII": 360.3024887913501, "OECD": 385.0000989323795, "IIASA": 196.30088515647938, "PIK": 356.34836028610295, "distrib norm": [324.487958291578, 86.58134437665224]}}