{"SSP1": {"CEPII": 257.1591994459928, "OECD": 418.8272694550426, "IIASA": 451.4110920308931, "PIK": 708.7767917589316, "distrib norm": [459.043588172715, 161.86382136965724]}, "SSP2": {"CEPII": 265.1703411241298, "OECD": 446.6321471220444, "IIASA": 454.5842037279154, "PIK": 726.776009504992, "distrib norm": [473.2906753697704, 164.79494634073612]}, "SSP3": {"CEPII": 297.04118854291295, "OECD": 471.6836523000283, "IIASA": 457.78245151516506, "PIK": 841.0891679129309, "distrib norm": [516.8991150677593, 199.3589201681544]}, "SSP4": {"CEPII": 293.40362324318323, "OECD": 455.6312094012818, "IIASA": 487.4729655244228, "PIK": 698.3521111634515, "distrib norm": [483.71497733308485, 144.12696764566678]}, "SSP5": {"CEPII": 230.8557663652941, "OECD": 393.4592961350171, "IIASA": 433.4697206988843, "PIK": 708.0723064017074, "distrib norm": [441.4642724002257, 171.6130656531792]}}