{"SSP1": {"CEPII": 1596.821395744838, "OECD": 1418.2716485374372, "IIASA": 1498.4679548540064, "PIK": 1340.610822625966, "distrib norm": [1463.5429554405619, 133.33338919210195]}, "SSP2": {"CEPII": 1701.1583193263878, "OECD": 1490.689116999985, "IIASA": 1791.7532939757396, "PIK": 1313.9308961854779, "distrib norm": [1574.3829066218975, 211.55178044642471]}, "SSP3": {"CEPII": 1930.2811652732998, "OECD": 1575.37491434385, "IIASA": 2081.463065736187, "PIK": 1394.521390897247, "distrib norm": [1745.410134062646, 295.7543514185656]}, "SSP4": {"CEPII": 1967.8699601144924, "OECD": 1618.0647791782758, "IIASA": 2043.8126328199226, "PIK": 1349.1729174617597, "distrib norm": [1744.7300723936125, 301.04102238334934]}, "SSP5": {"CEPII": 1346.9565214343415, "OECD": 1342.035208841776, "IIASA": 1420.1187924359385, "PIK": 1434.8503843943306, "distrib norm": [1385.9902267765967, 97.80518672938877]}}