{"SSP1": {"CEPII": 922.0766421861019, "OECD": 763.0954534444094, "IIASA": 537.5647178699921, "PIK": 621.6709254284078, "distrib norm": [711.1019347322277, 152.08345345755805]}, "SSP2": {"CEPII": 942.4523842883519, "OECD": 835.2361318462424, "IIASA": 565.2644868439082, "PIK": 629.4967558019533, "distrib norm": [743.1124396951141, 158.5976976804749]}, "SSP3": {"CEPII": 1035.2511661857252, "OECD": 881.9645325329795, "IIASA": 577.6938211722616, "PIK": 711.8169187180283, "distrib norm": [801.6816096522487, 179.1804122237005]}, "SSP4": {"CEPII": 1069.564624878715, "OECD": 849.3680437820077, "IIASA": 619.599383866266, "PIK": 605.294186229018, "distrib norm": [785.9565596890018, 196.0170689399415]}, "SSP5": {"CEPII": 814.2101434975398, "OECD": 700.6227456791, "IIASA": 516.6279520709764, "PIK": 635.5218312836032, "distrib norm": [666.7456681328049, 114.70372111512415]}}