{"SSP1": {"CEPII": 263.5794609408494, "OECD": 298.1278702566245, "IIASA": 264.2560510492662, "PIK": 280.3535796721709, "distrib norm": [276.57924047972773, 14.13722344910639]}, "SSP2": {"CEPII": 268.2918518039132, "OECD": 295.5398643544212, "IIASA": 267.8290384448005, "PIK": 286.74727608466486, "distrib norm": [279.60200767194993, 11.954001071852744]}, "SSP3": {"CEPII": 316.74578269737236, "OECD": 320.74898275750155, "IIASA": 372.8087627808282, "PIK": 331.04526345566904, "distrib norm": [335.3371979228428, 22.254188460674495]}, "SSP4": {"CEPII": 250.35138584283217, "OECD": 298.09427137656905, "IIASA": 264.41306835575546, "PIK": 279.3375905480415, "distrib norm": [273.04907903079953, 17.724086670218412]}, "SSP5": {"CEPII": 227.9164889283738, "OECD": 260.24239586097565, "IIASA": 238.55557587990015, "PIK": 262.61872891252045, "distrib norm": [247.33329739544251, 14.614633812615295]}}