{"SSP1": {"CEPII": 493.6328900496994, "OECD": 376.32522118348817, "IIASA": 429.6165104328839, "PIK": 347.266219827473, "distrib norm": [411.71021037338613, 55.76084290211985]}, "SSP2": {"CEPII": 529.2793375291293, "OECD": 403.7077118524445, "IIASA": 549.689321334097, "PIK": 351.46746389582853, "distrib norm": [458.53595865287485, 83.34170684548081]}, "SSP3": {"CEPII": 599.8436546282574, "OECD": 434.18227558935564, "IIASA": 658.5196047267934, "PIK": 407.9646754315691, "distrib norm": [525.127552593994, 106.50600765898348]}, "SSP4": {"CEPII": 598.0388376788724, "OECD": 452.1058376303209, "IIASA": 635.5267688829856, "PIK": 355.035694238081, "distrib norm": [510.176784607565, 112.77560876760957]}, "SSP5": {"CEPII": 457.80429243434816, "OECD": 346.5886467115627, "IIASA": 401.18864111808244, "PIK": 370.5418627182134, "distrib norm": [394.03086074555165, 41.59561608511801]}}