{"SSP1": {"CEPII": 324.51834641017655, "OECD": 381.7900786106981, "IIASA": 449.88063428714287, "PIK": 254.40056858284353, "distrib norm": [352.64740697271526, 180.49674440110135]}, "SSP2": {"CEPII": 348.0024901450914, "OECD": 401.92049324293015, "IIASA": 500.6700218729867, "PIK": 283.7760219299566, "distrib norm": [383.5922567977412, 196.89362753626315]}, "SSP3": {"CEPII": 408.1358890702941, "OECD": 426.14429812594597, "IIASA": 580.7777098250448, "PIK": 346.4608880104688, "distrib norm": [440.37969625793846, 223.66115336507386]}, "SSP4": {"CEPII": 406.3848358123228, "OECD": 412.4285654262201, "IIASA": 584.4925481718303, "PIK": 293.5304184143805, "distrib norm": [424.20909195618844, 226.14473730043733]}, "SSP5": {"CEPII": 295.4580605903193, "OECD": 361.6330477149613, "IIASA": 426.23978060543004, "PIK": 250.7387894180352, "distrib norm": [333.51741958218645, 169.93306295289864]}}