{"SSP1": {"CEPII": 976.9749924229723, "OECD": 545.7052924777228, "IIASA": 481.61618085528266, "PIK": 672.1821886074985, "distrib norm": [669.1196635908691, 194.03831433725813]}, "SSP2": {"CEPII": 1007.0955257076789, "OECD": 612.4678260785012, "IIASA": 500.67467371427296, "PIK": 732.178787146103, "distrib norm": [713.104203161639, 192.45298488045506]}, "SSP3": {"CEPII": 1126.9288256942214, "OECD": 655.7701622646282, "IIASA": 523.7531987738814, "PIK": 834.4755675664485, "distrib norm": [785.2319385747946, 230.1109778158164]}, "SSP4": {"CEPII": 1130.013118760933, "OECD": 625.8371625483936, "IIASA": 565.9043338496571, "PIK": 717.5478241265597, "distrib norm": [759.8256098213858, 224.39215887660555]}, "SSP5": {"CEPII": 876.5554473459858, "OECD": 500.9982773121734, "IIASA": 463.27286211752016, "PIK": 685.8365010783596, "distrib norm": [631.6657719635099, 168.16373276321866]}}