{"SSP1": {"CEPII": 51.600108646120326, "OECD": 39.923664122137424, "IIASA": 47.80121385378801, "PIK": 26.01259105935499, "distrib norm": [41.3343944203502, 9.79735245305036]}, "SSP2": {"CEPII": 54.47110465056856, "OECD": 43.58333333333336, "IIASA": 58.15144438757708, "PIK": 25.3189480279299, "distrib norm": [45.381207599852225, 12.761580887732741]}, "SSP3": {"CEPII": 62.450459505675106, "OECD": 48.2583621683968, "IIASA": 79.03579690201119, "PIK": 27.08837520581995, "distrib norm": [54.20824844547577, 19.073737682790824]}, "SSP4": {"CEPII": 63.18854196327721, "OECD": 50.379289584587596, "IIASA": 77.55987943850617, "PIK": 24.629394004646887, "distrib norm": [53.93927624775447, 19.46294243888917]}, "SSP5": {"CEPII": 48.86489090106442, "OECD": 37.29055258467024, "IIASA": 45.501143345095706, "PIK": 28.537719967054553, "distrib norm": [40.04857669947123, 7.867089659750874]}}