{"SSP1": {"CEPII": 39438.6933467658, "OECD": 227.4296963127656, "IIASA": 234.6120232111396, "PIK": 210.88008412833904, "distrib norm": [10027.903787604511, 17034.5237973818]}, "SSP2": {"CEPII": 40340.63387738502, "OECD": 228.79073340534995, "IIASA": 234.37689605178045, "PIK": 211.59816346524264, "distrib norm": [10253.84991757685, 17426.04215942278]}, "SSP3": {"CEPII": 43340.45054120292, "OECD": 233.0452792215692, "IIASA": 236.8197893091261, "PIK": 217.65578079707376, "distrib norm": [11006.992847632671, 18727.263156687364]}, "SSP4": {"CEPII": 39025.14685699358, "OECD": 229.35446890585484, "IIASA": 234.18943832394072, "PIK": 209.94021022088765, "distrib norm": [9924.657743611066, 16854.80736905797]}, "SSP5": {"CEPII": 37559.63081516899, "OECD": 223.79535605246494, "IIASA": 230.79825371999522, "PIK": 209.44111037176697, "distrib norm": [9555.916383828304, 16219.5771596194]}}