{"SSP1": {"CEPII": 1427.7923900920096, "OECD": 1194.6192651522288, "IIASA": 1094.2962446005922, "PIK": 1059.8766297933587, "distrib norm": [1194.1461324095474, 165.8450460866454]}, "SSP2": {"CEPII": 1426.153656514494, "OECD": 1192.1672738889638, "IIASA": 1132.6774361481462, "PIK": 1043.785961053953, "distrib norm": [1198.6960819013893, 164.13348258343962]}, "SSP3": {"CEPII": 1455.5019530344136, "OECD": 1183.1272883423374, "IIASA": 1150.1128074932367, "PIK": 1061.0796234299362, "distrib norm": [1212.455418074981, 169.57101963134784]}, "SSP4": {"CEPII": 1464.4661195564258, "OECD": 1192.855427608145, "IIASA": 1155.7207935767601, "PIK": 1000.0449007040338, "distrib norm": [1203.2718103613413, 187.0001309030237]}, "SSP5": {"CEPII": 1395.5100157795441, "OECD": 1192.1582005637567, "IIASA": 1088.0685702302114, "PIK": 1089.2701954666584, "distrib norm": [1191.2517455100426, 149.97802125486464]}}