{"SSP1": {"CEPII": 63.657414591710186, "OECD": 63.30470353752682, "IIASA": 68.39070823321345, "PIK": 60.91291261862181, "distrib norm": [64.06643474526805, 2.7106998598451657]}, "SSP2": {"CEPII": 70.01513987493341, "OECD": 65.77671871831272, "IIASA": 68.6897385563905, "PIK": 61.08511493940819, "distrib norm": [66.3916780222612, 3.425943107893965]}, "SSP3": {"CEPII": 86.59829146605837, "OECD": 71.3318318007524, "IIASA": 72.17048665779701, "PIK": 67.18801040073103, "distrib norm": [74.32215508133471, 7.33435844480218]}, "SSP4": {"CEPII": 58.82722988577497, "OECD": 64.28409040565022, "IIASA": 68.72339888158942, "PIK": 60.1274884949618, "distrib norm": [62.99055191699411, 3.8752147887348825]}, "SSP5": {"CEPII": 56.09298113469526, "OECD": 57.79781172169158, "IIASA": 63.19141845853049, "PIK": 55.93595435118269, "distrib norm": [58.254541416525015, 2.942343699059471]}}