{"SSP1": {"CEPII": 563.8198195545128, "OECD": 571.6942984631521, "IIASA": 777.4275694682065, "PIK": 589.4122216858593, "distrib norm": [625.5884772929327, 90.6951084239804]}, "SSP2": {"CEPII": 596.3374037942041, "OECD": 608.2127285444229, "IIASA": 988.0766658137645, "PIK": 601.6717546095159, "distrib norm": [698.5746381904768, 168.94546355859617]}, "SSP3": {"CEPII": 668.8414290541235, "OECD": 655.8550058870109, "IIASA": 1148.0785936165937, "PIK": 708.0758679242867, "distrib norm": [795.2127241205037, 206.50034530198937]}, "SSP4": {"CEPII": 713.5337214860388, "OECD": 682.4190281058378, "IIASA": 1115.6235796975134, "PIK": 617.22491346565, "distrib norm": [782.2003106887599, 197.4978034611264]}, "SSP5": {"CEPII": 471.55690195664096, "OECD": 525.664831483701, "IIASA": 732.0919194728466, "PIK": 631.6892707514213, "distrib norm": [590.2507309161524, 102.13809966569582]}}