{"SSP1": {"CEPII": 463.76500319645453, "OECD": 463.7411480417004, "IIASA": 463.7262618334431, "PIK": 463.72626183344295, "distrib norm": [463.73966872626033, 31.92801828053703]}, "SSP2": {"CEPII": 463.76500319645453, "OECD": 463.7411480417007, "IIASA": 463.726261833443, "PIK": 463.72626183344295, "distrib norm": [463.73966872626033, 31.928018280537035]}, "SSP3": {"CEPII": 463.7650031964546, "OECD": 463.74114804170057, "IIASA": 463.7262618334431, "PIK": 463.726261833443, "distrib norm": [463.73966872626033, 31.92801828053704]}, "SSP4": {"CEPII": 463.7650031964546, "OECD": 463.74114804170057, "IIASA": 463.726261833443, "PIK": 463.726261833443, "distrib norm": [463.73966872626033, 31.928018280537035]}, "SSP5": {"CEPII": 463.76500319645453, "OECD": 463.74114804170057, "IIASA": 463.726261833443, "PIK": 463.72626183344295, "distrib norm": [463.73966872626033, 31.92801828053703]}}