{"SSP1": {"CEPII": 354.5569691666263, "OECD": 294.8664898871435, "IIASA": 272.6715747644315, "PIK": 294.3670445747805, "distrib norm": [304.11551959824544, 31.465322782050887]}, "SSP2": {"CEPII": 363.1074029435126, "OECD": 310.77729025366705, "IIASA": 277.6434945476327, "PIK": 297.5778889117202, "distrib norm": [312.2765191641331, 32.64054524762963]}, "SSP3": {"CEPII": 413.1782532674187, "OECD": 333.94252534609046, "IIASA": 287.958725046752, "PIK": 331.5723269286232, "distrib norm": [341.66295764722105, 46.02604241549101]}, "SSP4": {"CEPII": 403.1401048891699, "OECD": 316.9851579066433, "IIASA": 299.72352376955627, "PIK": 287.95777635977635, "distrib norm": [326.9516407312865, 45.97150738377443]}, "SSP5": {"CEPII": 305.55364926250957, "OECD": 271.1467052513334, "IIASA": 257.08236858110536, "PIK": 289.6368566022684, "distrib norm": [280.8548949243042, 19.721019904098785]}}