{"SSP1": {"CEPII": 146.12712702939388, "OECD": 154.73171380078432, "IIASA": 183.58774110752802, "PIK": 236.60549145030697, "distrib norm": [180.2630183470033, 35.364652708284396]}, "SSP2": {"CEPII": 146.62468152216212, "OECD": 154.61243753303597, "IIASA": 183.99899754572837, "PIK": 245.0287334992095, "distrib norm": [182.56621252503396, 38.654969235851496]}, "SSP3": {"CEPII": 153.1537178764532, "OECD": 157.15891861535962, "IIASA": 197.4707611776895, "PIK": 264.35827554853034, "distrib norm": [193.03541830450817, 44.67744254887593]}, "SSP4": {"CEPII": 150.77618018097104, "OECD": 155.51473844306412, "IIASA": 186.19933684197352, "PIK": 242.17940260246144, "distrib norm": [183.66741451711752, 36.41589572784263]}, "SSP5": {"CEPII": 140.16424520755118, "OECD": 152.25892522482349, "IIASA": 180.62226214681144, "PIK": 231.5350224483022, "distrib norm": [176.14511375687212, 35.189699297886094]}}