{"SSP1": {"CEPII": 579.2079675091331, "OECD": 567.7813250501114, "IIASA": 417.1946833023414, "PIK": 435.827878039534, "distrib norm": [500.0029634752799, 74.0371517309164]}, "SSP2": {"CEPII": 579.947339355186, "OECD": 565.3848294311507, "IIASA": 427.492048348118, "PIK": 432.83787889882234, "distrib norm": [501.41552400831927, 71.60778903602908]}, "SSP3": {"CEPII": 594.8709006013554, "OECD": 563.2366004354249, "IIASA": 435.9069779676551, "PIK": 440.6897620141762, "distrib norm": [508.6760602546529, 71.43339248367977]}, "SSP4": {"CEPII": 600.478969575339, "OECD": 569.5557040549758, "IIASA": 443.0147224711419, "PIK": 424.8675746718632, "distrib norm": [509.47924269333, 76.73681681599592]}, "SSP5": {"CEPII": 558.3222633089971, "OECD": 565.506361299077, "IIASA": 414.88002008139773, "PIK": 442.90077309065714, "distrib norm": [495.40235444503224, 67.44342952661479]}}