{"SSP1": {"CEPII": 630.8470729922919, "OECD": 514.5886338880053, "IIASA": 764.0886502261446, "PIK": 395.85657126727966, "distrib norm": [576.3452320934304, 140.92164168437637]}, "SSP2": {"CEPII": 669.7212060132993, "OECD": 593.2840437022891, "IIASA": 911.3977247618388, "PIK": 400.4269381213893, "distrib norm": [643.7074781497042, 187.2336357673783]}, "SSP3": {"CEPII": 759.4389089708883, "OECD": 650.1649066381025, "IIASA": 1030.8314125139098, "PIK": 471.7839468560161, "distrib norm": [728.0547937447291, 207.52093874284716]}, "SSP4": {"CEPII": 762.6427946086989, "OECD": 659.4582623484253, "IIASA": 983.5572869673285, "PIK": 413.8796283424709, "distrib norm": [704.8844930667309, 209.25826088582218]}, "SSP5": {"CEPII": 555.2196626430019, "OECD": 469.148071518528, "IIASA": 701.9698847262526, "PIK": 422.3061653809861, "distrib norm": [537.1609460671921, 111.16635137084215]}}