{"SSP1": {"CEPII": 457.43812424598457, "OECD": 433.84851365242616, "IIASA": 276.300914902942, "PIK": 407.98705148968253, "distrib norm": [393.8936510727588, 75.32589890316197]}, "SSP2": {"CEPII": 458.0849801526039, "OECD": 432.64225444931276, "IIASA": 278.46273188700286, "PIK": 411.26176679547655, "distrib norm": [395.112933321099, 74.65459641045742]}, "SSP3": {"CEPII": 469.32444047443073, "OECD": 430.80292363070504, "IIASA": 279.26782235327494, "PIK": 428.69590210253483, "distrib norm": [402.0227721402364, 77.94665212464932]}, "SSP4": {"CEPII": 473.90785797505305, "OECD": 435.5900771739509, "IIASA": 284.79964122088023, "PIK": 404.94339115215575, "distrib norm": [399.81024188051, 76.07595106262764]}, "SSP5": {"CEPII": 442.25896302952896, "OECD": 432.24140138705576, "IIASA": 275.20481329599244, "PIK": 411.6122943238104, "distrib norm": [390.32936800909687, 72.68908245251629]}}