{"SSP1": {"CEPII": 315.35782812332627, "OECD": 290.7386302904221, "IIASA": 153.25384689594614, "PIK": 328.0765368406297, "distrib norm": [271.8567105375811, 72.40479417216814]}, "SSP2": {"CEPII": 315.008281461035, "OECD": 290.56360509902777, "IIASA": 156.4819332181467, "PIK": 345.2103425974871, "distrib norm": [276.8160405939242, 74.76170598191574]}, "SSP3": {"CEPII": 323.266025765778, "OECD": 290.2986345896026, "IIASA": 159.56629104863921, "PIK": 367.89291740349887, "distrib norm": [285.25596720187974, 80.2403127551794]}, "SSP4": {"CEPII": 322.6463955925754, "OECD": 290.9180741698845, "IIASA": 160.33207442499747, "PIK": 347.927721036514, "distrib norm": [280.45606630599286, 74.93660539354049]}, "SSP5": {"CEPII": 308.1711528805813, "OECD": 288.91913617261616, "IIASA": 152.18887190614362, "PIK": 339.7273462197696, "distrib norm": [272.2516267947777, 74.22733474668739]}}