{"SSP1": {"CEPII": 3692.3307122707465, "OECD": 1901.0791263841465, "IIASA": 2256.0512994260293, "PIK": 1019.5283515737801, "distrib norm": [2217.2473724136753, 999.4741412300004]}, "SSP2": {"CEPII": 3875.4025495316328, "OECD": 2124.306614174174, "IIASA": 2782.5055512178847, "PIK": 989.5872176023496, "distrib norm": [2442.9504831315103, 1086.7574646922253]}, "SSP3": {"CEPII": 4303.194250568195, "OECD": 2256.772695411723, "IIASA": 3632.979208291728, "PIK": 1087.8964682140613, "distrib norm": [2820.2106556214267, 1288.3761674800571]}, "SSP4": {"CEPII": 4278.0202899301985, "OECD": 2312.433607808181, "IIASA": 3836.8466809598394, "PIK": 976.2035611127654, "distrib norm": [2850.876034952746, 1350.074246976698]}, "SSP5": {"CEPII": 3326.583931781738, "OECD": 1753.20745886622, "IIASA": 2091.937699972408, "PIK": 1092.2714594726983, "distrib norm": [2066.0001375232664, 847.80773151073]}}