{"SSP1": {"CEPII": 5945.8317101596485, "OECD": 3452.8252398081536, "IIASA": 3594.741445063695, "PIK": 1895.87959514304, "distrib norm": [3722.3194975436345, 1446.4432749991126]}, "SSP2": {"CEPII": 6176.391197015711, "OECD": 3751.9951140065164, "IIASA": 4211.133884965673, "PIK": 1889.0045383464635, "distrib norm": [4007.131183583592, 1524.7016927344712]}, "SSP3": {"CEPII": 6843.3811206185355, "OECD": 4001.1723583943026, "IIASA": 4588.847814769383, "PIK": 2137.490116034693, "distrib norm": [4392.722852454229, 1679.5518325569858]}, "SSP4": {"CEPII": 6784.732290234226, "OECD": 4124.381783596285, "IIASA": 4383.453129785296, "PIK": 1896.4255867270879, "distrib norm": [4297.248197585724, 1731.2452460158927]}, "SSP5": {"CEPII": 5464.422966989044, "OECD": 3109.255322738469, "IIASA": 3322.971577673785, "PIK": 2023.7629243325107, "distrib norm": [3480.1031979334525, 1247.0635941080714]}}