{"SSP1": {"CEPII": 345480.4149403249, "OECD": 549.6990130226804, "IIASA": 634.4345916838779, "PIK": 536.6724182298457, "distrib norm": [86800.3052408153, 149821.82376895903]}, "SSP2": {"CEPII": 348729.42221265775, "OECD": 553.0065364300707, "IIASA": 635.0545178828245, "PIK": 537.1345751230318, "distrib norm": [87613.65446052341, 151232.49228835752]}, "SSP3": {"CEPII": 365388.8407702858, "OECD": 561.4297716358443, "IIASA": 640.454820658642, "PIK": 550.1953453587463, "distrib norm": [91785.23017698477, 158465.12348907316]}, "SSP4": {"CEPII": 361457.8160976714, "OECD": 553.705455140543, "IIASA": 635.2591486684067, "PIK": 529.9055899717855, "distrib norm": [90794.17157286304, 156762.3484918335]}, "SSP5": {"CEPII": 332156.8490149013, "OECD": 542.8586425348494, "IIASA": 626.4155464560549, "PIK": 538.2923173612827, "distrib norm": [83466.10388031337, 144036.25223185035]}}