{"SSP1": {"CEPII": 17105.69727744059, "OECD": 9888.595101266837, "IIASA": 11709.394487653963, "PIK": 5584.385084228863, "distrib norm": [11072.017987647563, 4136.637086391211]}, "SSP2": {"CEPII": 18640.04977787178, "OECD": 11009.659857553186, "IIASA": 15407.829329218954, "PIK": 5668.012059121957, "distrib norm": [12681.38775594147, 4875.475104119654]}, "SSP3": {"CEPII": 22242.394175344125, "OECD": 12449.125089184245, "IIASA": 21316.99469414607, "PIK": 6569.730696490329, "distrib norm": [15644.561163791195, 6490.7547581741355]}, "SSP4": {"CEPII": 21983.09280228273, "OECD": 12864.698205368915, "IIASA": 20322.376452076875, "PIK": 5858.037261871014, "distrib norm": [15257.051180399885, 6426.492326923659]}, "SSP5": {"CEPII": 15693.252230839149, "OECD": 8887.206972791088, "IIASA": 10797.284874356013, "PIK": 5988.024685740915, "distrib norm": [10341.442190931792, 3536.244630641609]}}