{"SSP1": 3345.6879902227392, "SSP2": 3864.3203214402893, "SSP3": 4559.109009992379, "SSP4": 4596.964147121609, "SSP5": 3056.9757585821935}