{"SSP1": {"CEPII": 1347.7126121556464, "OECD": 1286.131220088676, "IIASA": 2926.0946593687086, "PIK": 1082.701431217887, "distrib norm": [1660.6599807077296, 764.3842848696966]}, "SSP2": {"CEPII": 1424.5937216141085, "OECD": 1396.642200926573, "IIASA": 3586.3023872662375, "PIK": 1058.401340551782, "distrib norm": [1866.484912589675, 1030.689235472546]}, "SSP3": {"CEPII": 1609.5126430295552, "OECD": 1504.947945116934, "IIASA": 4904.201037691769, "PIK": 1157.3123581308373, "distrib norm": [2293.993495992274, 1546.8504403235765]}, "SSP4": {"CEPII": 1612.632938601488, "OECD": 1556.4778972924087, "IIASA": 5882.240653162916, "PIK": 1053.284286715228, "distrib norm": [2526.1589439430104, 1981.918995704494]}, "SSP5": {"CEPII": 1269.8472996076046, "OECD": 1195.4287432195556, "IIASA": 2738.9429511960266, "PIK": 1182.4681817044761, "distrib norm": [1596.6717939319158, 687.7638686331484]}}