{"SSP1": {"CEPII": 589.066802936439, "OECD": 756.81647366457, "IIASA": 913.8780861589154, "PIK": 527.416216213583, "distrib norm": [696.7943947433768, 158.634412780091]}, "SSP2": {"CEPII": 590.4977740055215, "OECD": 752.8076046588159, "IIASA": 948.3120621224836, "PIK": 531.5722214388256, "distrib norm": [705.7974155564116, 169.2728521605193]}, "SSP3": {"CEPII": 597.7803036225854, "OECD": 738.5654039218495, "IIASA": 967.3823933060395, "PIK": 537.0362835735593, "distrib norm": [710.1910961060084, 172.95511240533367]}, "SSP4": {"CEPII": 612.1660623049054, "OECD": 763.8876509466181, "IIASA": 997.1710309942858, "PIK": 548.1188920442295, "distrib norm": [730.3359090725097, 180.3980035883566]}, "SSP5": {"CEPII": 578.1717826818342, "OECD": 764.0428896927499, "IIASA": 918.2366449135426, "PIK": 551.2115519603186, "distrib norm": [702.9157173121114, 156.89446577459356]}}