{"SSP1": {"CEPII": 451.9834137532144, "OECD": 317.68575272836, "IIASA": 407.1542247177379, "PIK": 244.59404040752315, "distrib norm": [355.35435790170885, 80.16728195471987]}, "SSP2": {"CEPII": 481.87970295736335, "OECD": 378.1138790035587, "IIASA": 490.5876343030124, "PIK": 244.88273360691025, "distrib norm": [398.86598746771114, 99.30461964687804]}, "SSP3": {"CEPII": 593.9409867905179, "OECD": 466.9816503680914, "IIASA": 644.4675617637811, "PIK": 291.6544640059501, "distrib norm": [499.26116573208515, 136.1907446175302]}, "SSP4": {"CEPII": 554.0319665979052, "OECD": 446.0537363560034, "IIASA": 584.1305149621858, "PIK": 248.7572405731817, "distrib norm": [458.243364622319, 131.3925931089068]}, "SSP5": {"CEPII": 397.24713780957546, "OECD": 271.2881399208477, "IIASA": 356.96639815323834, "PIK": 246.4099318964063, "distrib norm": [317.977901945017, 61.45246700882296]}}