{"SSP1": {"CEPII": 52269.575545319334, "OECD": 247.80419790695058, "IIASA": 243.92464970111692, "PIK": 250.3765109574922, "distrib norm": [13252.920225971226, 22598.031525401995]}, "SSP2": {"CEPII": 52369.79205999662, "OECD": 248.6021527133364, "IIASA": 243.6042602116128, "PIK": 252.28368535195872, "distrib norm": [13278.570539568382, 22641.220464146936]}, "SSP3": {"CEPII": 54055.802546566105, "OECD": 250.0267545922076, "IIASA": 244.66925634225066, "PIK": 264.87688966762914, "distrib norm": [13703.84386179205, 23371.418732462636]}, "SSP4": {"CEPII": 54165.178960358666, "OECD": 249.18156808951386, "IIASA": 247.25625443059158, "PIK": 248.13989636119223, "distrib norm": [13727.439169809992, 23421.085666715535]}, "SSP5": {"CEPII": 50520.747826562336, "OECD": 246.20944125528555, "IIASA": 241.65115089564378, "PIK": 250.13570681319675, "distrib norm": [12814.686031381612, 21838.969095135188]}}