{"SSP1": {"CEPII": 111.0904074127024, "OECD": 138.6603371331274, "IIASA": 136.17075986841178, "PIK": 132.6686487435705, "distrib norm": [129.64753828945302, 15.265523569469988]}, "SSP2": {"CEPII": 115.23965561817793, "OECD": 142.93360838174345, "IIASA": 145.37317411875483, "PIK": 133.61601216136717, "distrib norm": [134.29061257001084, 16.196281812223344]}, "SSP3": {"CEPII": 128.82319700858469, "OECD": 146.60876867227583, "IIASA": 152.49634251483306, "PIK": 141.5714021129186, "distrib norm": [142.37492757715304, 14.589403479074356]}, "SSP4": {"CEPII": 129.9617606419061, "OECD": 149.137045122673, "IIASA": 169.83683143776108, "PIK": 130.56908575503462, "distrib norm": [144.8761807393437, 20.24535624690015]}, "SSP5": {"CEPII": 102.57935128096794, "OECD": 134.5609470533958, "IIASA": 132.7658566730652, "PIK": 137.10459975863012, "distrib norm": [126.75268869151475, 17.504670435826952]}}