{"SSP1": {"CEPII": 155.17280218932822, "OECD": 340.890738240452, "IIASA": 128.0567211687289, "PIK": 268.9962014123949, "distrib norm": [223.279115752726, 86.06439455854434]}, "SSP2": {"CEPII": 158.55540464644497, "OECD": 348.0999405728774, "IIASA": 123.15543647463545, "PIK": 282.85729954368577, "distrib norm": [228.1670203094109, 91.17036494983248]}, "SSP3": {"CEPII": 174.90393218880703, "OECD": 346.1252944652354, "IIASA": 128.18154449881405, "PIK": 336.5920513012679, "distrib norm": [246.45070561353108, 96.39375125419186]}, "SSP4": {"CEPII": 169.76477976694215, "OECD": 344.6859911341259, "IIASA": 136.18252755762586, "PIK": 273.97182509293776, "distrib norm": [231.15128088790792, 82.93234602024997]}, "SSP5": {"CEPII": 143.4186288723714, "OECD": 316.7933615523844, "IIASA": 122.99912054302833, "PIK": 277.7982983391158, "distrib norm": [215.25235232672495, 83.50645860800732]}}