{"SSP1": {"CEPII": 620.4167382715569, "OECD": 629.2210786337643, "IIASA": 333.434955097776, "PIK": 338.96496005905874, "distrib norm": [480.50943301553895, 148.43171661924663]}, "SSP2": {"CEPII": 619.6352331484247, "OECD": 627.2536471509628, "IIASA": 331.1957355655306, "PIK": 338.9992873961029, "distrib norm": [479.2709758152552, 148.2844510623084]}, "SSP3": {"CEPII": 629.0760627110042, "OECD": 620.9343882323018, "IIASA": 329.49823126088904, "PIK": 340.8087731209873, "distrib norm": [480.0793638312956, 149.06360303049115]}, "SSP4": {"CEPII": 644.7452905240627, "OECD": 640.416804927384, "IIASA": 335.2177549491529, "PIK": 334.83268365017284, "distrib norm": [488.8031335126931, 157.7804747757978]}, "SSP5": {"CEPII": 603.8379352521542, "OECD": 631.5251201271592, "IIASA": 333.9493525145939, "PIK": 350.95995738998454, "distrib norm": [480.068091320973, 142.31054702099684]}}