{"SSP1": {"CEPII": 457.2326398812217, "OECD": 454.62007230112795, "IIASA": 446.7952562948805, "PIK": 443.9425860210669, "distrib norm": [25.188942337439173, 1.339726740361907]}, "SSP2": {"CEPII": 448.31195146265543, "OECD": 453.39047938623537, "IIASA": 451.35481259811803, "PIK": 450.0592692918302, "distrib norm": [24.654441928206023, 1.0685644719925729]}, "SSP3": {"CEPII": 455.6490458197428, "OECD": 458.7336712950321, "IIASA": 458.11162858010624, "PIK": 457.99927343063246, "distrib norm": [23.63557390937007, 0.8524966814543431]}, "SSP4": {"CEPII": 460.31891445185704, "OECD": 461.69660855067025, "IIASA": 461.3713335769662, "PIK": 459.56373746751336, "distrib norm": [24.073664024790347, 0.9997665159780832]}, "SSP5": {"CEPII": 456.995141511329, "OECD": 454.44828386471767, "IIASA": 452.6150818662532, "PIK": 451.72608651669, "distrib norm": [25.619217410312203, 1.5925388796244342]}}