{"SSP1": {"CEPII": 2786.0626725105785, "OECD": 184.06378529631047, "IIASA": 165.44281622176686, "PIK": 168.16916999751493, "distrib norm": [825.9346110065427, 1135.8062515881147]}, "SSP2": {"CEPII": 2818.145196563513, "OECD": 184.8821480081018, "IIASA": 165.99943884648465, "PIK": 168.58704782039163, "distrib norm": [834.4034578096228, 1149.4844812655303]}, "SSP3": {"CEPII": 2996.0655090999917, "OECD": 187.738148937681, "IIASA": 196.66298558715394, "PIK": 171.86565266002108, "distrib norm": [888.0830740712121, 1221.4890863950461]}, "SSP4": {"CEPII": 2753.842953315834, "OECD": 185.39139069784554, "IIASA": 166.0609598448527, "PIK": 167.22179753152886, "distrib norm": [818.1292753475154, 1121.6720114338307]}, "SSP5": {"CEPII": 2657.122372854088, "OECD": 181.79231028952466, "IIASA": 163.49075085841366, "PIK": 167.8286134432777, "distrib norm": [792.558511861326, 1080.4549316615717]}}