{"SSP1": 588.0983720101808, "SSP2": 586.212950543154, "SSP3": 592.0271426036501, "SSP4": 566.6542283023509, "SSP5": 563.2557530947274}