{"SSP1": {"CEPII": 2595.644724168612, "OECD": 1095.274341882143, "IIASA": 992.5347853112954, "PIK": 480.7093617006978, "distrib norm": [1291.0408032656874, 795.7043908083489]}, "SSP2": {"CEPII": 2755.7929181083373, "OECD": 1234.15198617947, "IIASA": 1139.0146925785793, "PIK": 494.11771346797144, "distrib norm": [1405.7693275835893, 837.9229868511944]}, "SSP3": {"CEPII": 3142.9260177772403, "OECD": 1313.9356350683438, "IIASA": 1366.039709094051, "PIK": 504.6794920889693, "distrib norm": [1581.8952135071513, 972.8011066455181]}, "SSP4": {"CEPII": 3361.0018592109636, "OECD": 1413.2572153317974, "IIASA": 1395.0302651178397, "PIK": 506.6351312315952, "distrib norm": [1668.9811177230492, 1052.7570987294125]}, "SSP5": {"CEPII": 2324.057407109108, "OECD": 1033.7889126042683, "IIASA": 979.0270166025464, "PIK": 536.9689595771679, "distrib norm": [1218.4605739732726, 674.0603607138063]}}