{"SSP1": {"CEPII": 1012.5586593380827, "OECD": 826.6869428960962, "IIASA": 991.545171527611, "PIK": 687.99267686436, "distrib norm": [879.6958626565374, 145.53899602925063]}, "SSP2": {"CEPII": 1017.3525949821592, "OECD": 824.8312371798376, "IIASA": 1044.7501992502307, "PIK": 692.0210252102906, "distrib norm": [894.7387641556295, 157.39614452896717]}, "SSP3": {"CEPII": 1048.1552614078012, "OECD": 825.4412781511174, "IIASA": 1111.1769040097133, "PIK": 734.9565541181503, "distrib norm": [929.9324994216954, 167.78772011241455]}, "SSP4": {"CEPII": 1050.2510120778772, "OECD": 829.7558112640202, "IIASA": 1110.2727763422747, "PIK": 700.5040871462272, "distrib norm": [922.6959217076, 177.56962670076257]}, "SSP5": {"CEPII": 990.3808942507887, "OECD": 820.7948201805766, "IIASA": 982.8741945210181, "PIK": 709.1517976389979, "distrib norm": [875.8004266478453, 132.47340257050487]}}