{"SSP1": {"CEPII": 252.45723305130284, "OECD": 250.18699142672475, "IIASA": 323.33543213898855, "PIK": 286.2659469596228, "distrib norm": [278.0614008941597, 35.70903973253215]}, "SSP2": {"CEPII": 253.14057100352588, "OECD": 249.686785851684, "IIASA": 326.7585563278653, "PIK": 289.0718602162951, "distrib norm": [279.66444334984254, 37.01785025483186]}, "SSP3": {"CEPII": 260.48058186659136, "OECD": 249.58470620653773, "IIASA": 330.4363510253522, "PIK": 303.04575327887426, "distrib norm": [285.88684809433886, 38.383295323780814]}, "SSP4": {"CEPII": 261.27279333866704, "OECD": 251.14250619733656, "IIASA": 335.24499604406054, "PIK": 284.19123677242857, "distrib norm": [282.96288308812314, 38.19013376722724]}, "SSP5": {"CEPII": 243.5290948332815, "OECD": 249.16762707974422, "IIASA": 320.81847112985673, "PIK": 288.42525036954197, "distrib norm": [275.4851108531061, 36.939642048992916]}}