{"SSP1": {"CEPII": 142.12456864136286, "OECD": 115.33721816527752, "IIASA": 170.23964109223894, "PIK": 168.9456910063386, "distrib norm": [149.16177972630447, 22.523891148886463]}, "SSP2": {"CEPII": 146.4486184840352, "OECD": 119.8181353767561, "IIASA": 165.04311287425074, "PIK": 184.53033386051735, "distrib norm": [153.96005014888985, 23.871889721737112]}, "SSP3": {"CEPII": 158.90242675322543, "OECD": 126.87998701685109, "IIASA": 177.63781577791693, "PIK": 231.78378731551086, "distrib norm": [173.80100421587608, 38.07976406289735]}, "SSP4": {"CEPII": 147.43526040720343, "OECD": 119.0185979245427, "IIASA": 177.017849519202, "PIK": 186.97885865381284, "distrib norm": [157.61264162619022, 26.60834499553524]}, "SSP5": {"CEPII": 139.0225226389209, "OECD": 107.0854925236845, "IIASA": 153.02650741754408, "PIK": 159.86947808252157, "distrib norm": [139.75100016566776, 20.30122111783548]}}