{"SSP1": {"CEPII": 105954.3292578037, "OECD": 545.5869246525712, "IIASA": 570.0456065779983, "PIK": 504.69389461017437, "distrib norm": [26893.66392091111, 45791.20980335164]}, "SSP2": {"CEPII": 109693.01888986626, "OECD": 547.4100457588913, "IIASA": 571.1940212715592, "PIK": 505.5776284496143, "distrib norm": [27829.30014633658, 47414.66247766536]}, "SSP3": {"CEPII": 119974.87072897851, "OECD": 558.6017971349944, "IIASA": 632.3229267667401, "PIK": 523.1818258606098, "distrib norm": [30422.244319685215, 51867.95289960859]}, "SSP4": {"CEPII": 104454.02882579145, "OECD": 550.0482958121804, "IIASA": 568.6354643216506, "PIK": 501.42188108365406, "distrib norm": [26518.533616752233, 45139.54362532518]}, "SSP5": {"CEPII": 100031.58012301926, "OECD": 535.2903935542597, "IIASA": 560.3147321503656, "PIK": 496.5187381944226, "distrib norm": [25405.92599672958, 43222.5506843445]}}