{"SSP1": {"CEPII": 742.3715956077446, "OECD": 642.1370669053623, "IIASA": 813.2495559372745, "PIK": 820.5755537226169, "distrib norm": [754.5834430432495, 79.16222234888185]}, "SSP2": {"CEPII": 733.257767769022, "OECD": 634.6748213705458, "IIASA": 801.2569403027297, "PIK": 802.4877541065582, "distrib norm": [742.919320887214, 75.99157330019337]}, "SSP3": {"CEPII": 757.6849831566614, "OECD": 645.9762954143062, "IIASA": 821.2734260600218, "PIK": 838.4655729333612, "distrib norm": [765.8500693910876, 82.757978550655]}, "SSP4": {"CEPII": 754.3488482606389, "OECD": 645.6633657020418, "IIASA": 834.2790371923244, "PIK": 809.5491138634031, "distrib norm": [760.960091254602, 80.04137555824857]}, "SSP5": {"CEPII": 724.5515968118775, "OECD": 639.0213403458122, "IIASA": 803.8593767592308, "PIK": 812.7215280495135, "distrib norm": [745.0384604916085, 77.56226373715555]}}