{"SSP1": {"CEPII": 9101.581136266532, "OECD": 3585.1442954983563, "IIASA": 5919.727970355905, "PIK": 2074.09214464478, "distrib norm": [5170.136386691393, 2670.482060109068]}, "SSP2": {"CEPII": 9641.680463043214, "OECD": 4199.870081059922, "IIASA": 7435.690029022473, "PIK": 2112.5343944367573, "distrib norm": [5847.443741890592, 2919.7650216938605]}, "SSP3": {"CEPII": 11425.631063575729, "OECD": 4968.112164594871, "IIASA": 9904.10100137003, "PIK": 2503.0750799594175, "distrib norm": [7200.229827375013, 3640.014291222984]}, "SSP4": {"CEPII": 10930.643065972981, "OECD": 4940.3800707913115, "IIASA": 8831.479092164256, "PIK": 2172.789028349185, "distrib norm": [6718.822814319433, 3417.606757494657]}, "SSP5": {"CEPII": 8003.838127632961, "OECD": 3054.9957028328454, "IIASA": 5118.671581328838, "PIK": 2146.6806755385614, "distrib norm": [4581.046521833301, 2268.035623549866]}}