{"SSP1": {"CEPII": 4901.038402817223, "OECD": 4047.5415725099497, "IIASA": 3638.189138745293, "PIK": 4640.710779685002, "distrib norm": [4306.869973439367, 1781.4816046967303]}, "SSP2": {"CEPII": 5285.15105135426, "OECD": 4412.275289354012, "IIASA": 4286.23938120147, "PIK": 4755.860731300059, "distrib norm": [4684.88161330245, 1895.6558959727986]}, "SSP3": {"CEPII": 6125.443995803303, "OECD": 4582.55866793631, "IIASA": 5145.678270653402, "PIK": 5453.780200273076, "distrib norm": [5326.865283666522, 2186.4878533534193]}, "SSP4": {"CEPII": 6337.000900401326, "OECD": 4801.496631533601, "IIASA": 5099.535951650532, "PIK": 4734.569866468331, "distrib norm": [5243.150837513448, 2183.376861125748]}, "SSP5": {"CEPII": 4316.972370599978, "OECD": 3711.5302918819257, "IIASA": 3439.115782830037, "PIK": 4964.460094938336, "distrib norm": [4108.019635062568, 1740.4957089068537]}}