{"SSP1": {"CEPII": 24.941318629805373, "OECD": 10.702849845115244, "IIASA": 9.186223744695225, "PIK": 13.709341566842998, "distrib norm": [14.63493344661471, 6.265194321761897]}, "SSP2": {"CEPII": 26.38274604037086, "OECD": 11.799689904754885, "IIASA": 10.59046601403185, "PIK": 14.890962402155411, "distrib norm": [15.915966090328249, 6.353167104461068]}, "SSP3": {"CEPII": 29.549194038877914, "OECD": 12.730069876878416, "IIASA": 10.380039621777328, "PIK": 16.45645613466516, "distrib norm": [17.278939918049705, 7.5203754931895865]}, "SSP4": {"CEPII": 29.32526940358375, "OECD": 13.21451228234102, "IIASA": 11.456987901754715, "PIK": 14.659147007856628, "distrib norm": [17.16397914888403, 7.22641341588955]}, "SSP5": {"CEPII": 21.19481528712293, "OECD": 9.93263340904225, "IIASA": 8.696226005604801, "PIK": 14.76506587354142, "distrib norm": [13.647185143827848, 5.012862888108319]}}