{"SSP1": {"CEPII": 458.9563926069847, "OECD": 435.09399320713516, "IIASA": 344.87363863508097, "PIK": 429.3750737768002, "distrib norm": [417.0747745565003, 51.90518270075557]}, "SSP2": {"CEPII": 453.9464531613467, "OECD": 431.5581407620985, "IIASA": 342.21980476597133, "PIK": 448.4340962957177, "distrib norm": [419.0396237462836, 53.638846761693785]}, "SSP3": {"CEPII": 466.5749859748788, "OECD": 431.69888477290704, "IIASA": 343.2263520543843, "PIK": 484.40734775099884, "distrib norm": [431.47689263829227, 62.06391577824079]}, "SSP4": {"CEPII": 475.83158334746975, "OECD": 443.701077515763, "IIASA": 353.1838828363774, "PIK": 471.38177659682594, "distrib norm": [436.02458007410905, 57.89484537448933]}, "SSP5": {"CEPII": 447.57834418187014, "OECD": 438.97196646982803, "IIASA": 346.83159592225843, "PIK": 449.7965165375562, "distrib norm": [420.79460577787813, 51.84508229562032]}}