{"SSP1": {"CEPII": 371.0782031421694, "OECD": 328.53961837552663, "IIASA": 217.08666229579052, "PIK": 255.8292293427677, "distrib norm": [293.13342828906354, 60.215654319289236]}, "SSP2": {"CEPII": 393.7910433795085, "OECD": 352.671216756884, "IIASA": 244.1053923443173, "PIK": 247.54446953066238, "distrib norm": [309.52803050284314, 65.35226329978435]}, "SSP3": {"CEPII": 437.867599510303, "OECD": 373.08892295004165, "IIASA": 266.22751666440763, "PIK": 243.1359832560787, "distrib norm": [330.08000559520775, 79.2217390259854]}, "SSP4": {"CEPII": 446.0542279692748, "OECD": 392.8044824535536, "IIASA": 276.3459611948157, "PIK": 238.113856271617, "distrib norm": [338.32963197231527, 84.34642117483041]}, "SSP5": {"CEPII": 341.1874233811413, "OECD": 314.2085812386968, "IIASA": 213.82591804339913, "PIK": 280.6986047308592, "distrib norm": [287.48013184852414, 47.61778945906468]}}