{"SSP1": {"CEPII": 2850.918430601114, "OECD": 2256.7784552524895, "IIASA": 1680.7823261334606, "PIK": 1778.3999343788673, "distrib norm": [2141.7197865914827, 487.7801294569691]}, "SSP2": {"CEPII": 2849.4543679238614, "OECD": 2256.0077170544114, "IIASA": 1669.4271352472338, "PIK": 1792.3467566495783, "distrib norm": [2141.808994218771, 487.37137686539836]}, "SSP3": {"CEPII": 2898.9468208227718, "OECD": 2242.8411840381054, "IIASA": 1659.2235660591182, "PIK": 1843.5269871500689, "distrib norm": [2161.1346395175165, 499.1674696513874]}, "SSP4": {"CEPII": 2936.399888630709, "OECD": 2280.973527401402, "IIASA": 1687.6395241974622, "PIK": 1767.5435718384788, "distrib norm": [2168.139128017013, 521.5738837283103]}, "SSP5": {"CEPII": 2799.987622971323, "OECD": 2275.6465554676533, "IIASA": 1681.6513775061292, "PIK": 1832.5443828609566, "distrib norm": [2147.4574847015156, 460.81647580260415]}}