{"SSP1": {"CEPII": 197.22648450420814, "OECD": 183.62482141899818, "IIASA": 188.44455231417638, "PIK": 220.1050539268353, "distrib norm": [197.3502280410545, 19.54280419875288]}, "SSP2": {"CEPII": 197.60586871555537, "OECD": 182.8693898311363, "IIASA": 187.8059715789591, "PIK": 224.15050819445887, "distrib norm": [198.1079345800274, 21.010585563314155]}, "SSP3": {"CEPII": 204.44919022600232, "OECD": 183.7626106611632, "IIASA": 206.1115262501295, "PIK": 243.6955836184703, "distrib norm": [209.5047276889413, 26.028018199369]}, "SSP4": {"CEPII": 203.7390297434333, "OECD": 183.80051267457372, "IIASA": 193.44680187936717, "PIK": 220.29130844261488, "distrib norm": [200.31941318499725, 19.33258195170612]}, "SSP5": {"CEPII": 190.89483684983801, "OECD": 181.69085835175648, "IIASA": 186.23170174325955, "PIK": 218.44047249429124, "distrib norm": [194.3144673597863, 19.610239564973682]}}