{"SSP1": 132.91360646517063, "SSP2": 136.19545573522686, "SSP3": 143.3190353630426, "SSP4": 140.12791757500256, "SSP5": 129.96586717848615}