{"SSP1": {"CEPII": 413.6175041530825, "OECD": 298.34785677860407, "IIASA": 609.4015342220704, "PIK": 247.36949134568562, "distrib norm": [392.1840966248606, 145.41894551185823]}, "SSP2": {"CEPII": 432.65221202008735, "OECD": 319.73836589320183, "IIASA": 670.5897446929076, "PIK": 250.3749422213995, "distrib norm": [418.338816206899, 165.88104840492178]}, "SSP3": {"CEPII": 486.9600306415216, "OECD": 336.78398496871523, "IIASA": 787.2868771952794, "PIK": 262.51661317062053, "distrib norm": [468.3868764940342, 207.66457963541222]}, "SSP4": {"CEPII": 496.57813098855485, "OECD": 336.2217035806588, "IIASA": 853.2255787739897, "PIK": 239.81436419471763, "distrib norm": [481.45994438448025, 239.67401874370324]}, "SSP5": {"CEPII": 375.05497824076485, "OECD": 286.49408905267353, "IIASA": 597.8820192436649, "PIK": 255.64690411718362, "distrib norm": [378.7694976635717, 139.98045797015635]}}