{"SSP1": {"CEPII": 444.84289694814066, "OECD": 494.44315223976355, "IIASA": 588.933283151476, "PIK": 533.7980953009104, "distrib norm": [515.5043569100726, 57.56608881445471]}, "SSP2": {"CEPII": 444.35845399701634, "OECD": 491.22847130594226, "IIASA": 586.9172935536025, "PIK": 529.1505420470971, "distrib norm": [512.9136902259146, 56.967798063591154]}, "SSP3": {"CEPII": 456.76143512353894, "OECD": 491.3378859204697, "IIASA": 591.0455353754107, "PIK": 548.3054146820206, "distrib norm": [521.8625677753599, 56.56447220717818]}, "SSP4": {"CEPII": 445.7657916028476, "OECD": 483.48732032050975, "IIASA": 582.8218132147074, "PIK": 516.0114334677531, "distrib norm": [507.0215896514545, 55.12569495953359]}, "SSP5": {"CEPII": 433.2445605697602, "OECD": 486.12432158027934, "IIASA": 579.2600416094473, "PIK": 524.2877492381931, "distrib norm": [505.72916824941996, 57.88905711917948]}}