{"SSP1": {"CEPII": 1121.2276005693059, "OECD": 1177.3035088087959, "IIASA": 1305.000183264853, "PIK": 1202.0162407567243, "distrib norm": [1201.3868833499198, 106.29245684190508]}, "SSP2": {"CEPII": 1118.153985915365, "OECD": 1171.791326587061, "IIASA": 1384.3322485900314, "PIK": 1208.3204626147908, "distrib norm": [1220.6495059268118, 130.64891473660936]}, "SSP3": {"CEPII": 1150.2208082088914, "OECD": 1175.126210348209, "IIASA": 1450.2372544884183, "PIK": 1290.3181808299892, "distrib norm": [1266.4756134688773, 147.37313581323335]}, "SSP4": {"CEPII": 1156.681256147528, "OECD": 1178.3948794665196, "IIASA": 1447.7085906484363, "PIK": 1227.4358242222136, "distrib norm": [1252.5551376211745, 144.4021785423476]}, "SSP5": {"CEPII": 1085.9212358222394, "OECD": 1168.8189045855877, "IIASA": 1291.2119626827568, "PIK": 1237.6184081393308, "distrib norm": [1195.8926278074787, 112.78575961298345]}}