{"SSP1": {"CEPII": 465.6410033947735, "OECD": 472.1473541245869, "IIASA": 627.5170229698626, "PIK": 442.8104619222399, "distrib norm": [502.02896060286577, 77.17646421245826]}, "SSP2": {"CEPII": 465.73549091804733, "OECD": 471.13873796391704, "IIASA": 627.9897102660062, "PIK": 448.0965047992594, "distrib norm": [503.2401109868074, 76.49227353574118]}, "SSP3": {"CEPII": 479.6795731828914, "OECD": 470.7309877888508, "IIASA": 635.6394921260098, "PIK": 450.60210311154054, "distrib norm": [509.1630390523231, 77.76949289666364]}, "SSP4": {"CEPII": 482.11819498668154, "OECD": 475.50692160676226, "IIASA": 648.6678243679235, "PIK": 445.88416219005995, "distrib norm": [513.0442757878568, 83.26821269891335]}, "SSP5": {"CEPII": 448.88025728131737, "OECD": 469.6018374169085, "IIASA": 621.7657882611365, "PIK": 451.3089667750443, "distrib norm": [497.88921243360176, 75.88041818463587]}}