{"SSP1": {"CEPII": 722019.2529824282, "OECD": 300.7712746404818, "IIASA": 293.01755595155254, "PIK": 304.1641855497419, "distrib norm": [180729.3014996425, 313500.7434911462]}, "SSP2": {"CEPII": 722151.0528178788, "OECD": 301.36423252584706, "IIASA": 292.9982786222959, "PIK": 302.92926585657904, "distrib norm": [180762.08614872087, 313558.0896983818]}, "SSP3": {"CEPII": 749361.7555401934, "OECD": 303.6740612333054, "IIASA": 329.20191483084176, "PIK": 308.4428939959749, "distrib norm": [187575.76860256342, 325371.5107495121]}, "SSP4": {"CEPII": 748291.4619930985, "OECD": 301.7467051304312, "IIASA": 296.67316710289, "PIK": 298.8076267463065, "distrib norm": [187297.17237301948, 324912.94161731814]}, "SSP5": {"CEPII": 687207.826238637, "OECD": 297.41879330468765, "IIASA": 290.35279888055567, "PIK": 304.7186578566527, "distrib norm": [172025.0791221697, 298380.17957587255]}}