{"SSP1": {"CEPII": 813.9518507849754, "OECD": 521.3813833334307, "IIASA": 571.190166099954, "PIK": 838.988299675114, "distrib norm": [686.3779249733684, 143.68661979845524]}, "SSP2": {"CEPII": 828.6454689555718, "OECD": 546.0001074561078, "IIASA": 567.0606450656194, "PIK": 885.6770370337294, "distrib norm": [706.8458146277571, 154.04187456240354]}, "SSP3": {"CEPII": 904.8819507420276, "OECD": 539.5487556334471, "IIASA": 567.7661395657568, "PIK": 1071.0042981233007, "distrib norm": [770.8002860161331, 227.000752954559]}, "SSP4": {"CEPII": 866.7557558623033, "OECD": 532.5292918390131, "IIASA": 620.4489489139818, "PIK": 866.0173083900414, "distrib norm": [721.437826251335, 150.57885153386727]}, "SSP5": {"CEPII": 779.9154581228597, "OECD": 474.7524921804711, "IIASA": 546.7847577311529, "PIK": 869.5421160579021, "distrib norm": [667.7487060230965, 164.02026795950005]}}