{"SSP1": {"CEPII": 141.45852606505792, "OECD": 128.5782957028405, "IIASA": 108.51934867229033, "PIK": 111.76894585438498, "distrib norm": [122.58127907364343, 13.294351231655819]}, "SSP2": {"CEPII": 155.9009841287549, "OECD": 133.53136312064404, "IIASA": 113.3966946615156, "PIK": 112.03182824688157, "distrib norm": [128.71521753944901, 17.855347831648416]}, "SSP3": {"CEPII": 194.0284089168546, "OECD": 147.7305439330544, "IIASA": 124.56218897812528, "PIK": 126.55168083832841, "distrib norm": [148.21820566659068, 27.963627981252305]}, "SSP4": {"CEPII": 131.8133956095392, "OECD": 132.74959716403484, "IIASA": 116.14809208351534, "PIK": 111.62741495731368, "distrib norm": [123.08462495360077, 9.340587162341993]}, "SSP5": {"CEPII": 122.3414370264079, "OECD": 115.99080157687261, "IIASA": 100.10021491454565, "PIK": 102.52865642252755, "distrib norm": [110.24027748508844, 9.24387037341113]}}