{"SSP1": {"CEPII": 715.1145026441427, "OECD": 477.35705172082066, "IIASA": 594.5678296685093, "PIK": 489.65100428005877, "distrib norm": [569.1725970783828, 100.50722650675448]}, "SSP2": {"CEPII": 760.778967705023, "OECD": 517.7410937511222, "IIASA": 749.3351096143914, "PIK": 493.67236613028683, "distrib norm": [630.3818843002059, 129.546504723973]}, "SSP3": {"CEPII": 843.4727417390708, "OECD": 541.141012571684, "IIASA": 886.8221101791199, "PIK": 556.8971317873717, "distrib norm": [707.0832490693117, 163.43851143464596]}, "SSP4": {"CEPII": 855.2810576359469, "OECD": 560.9101367930667, "IIASA": 877.289306395993, "PIK": 489.144930780652, "distrib norm": [695.6563579014147, 176.77261143769007]}, "SSP5": {"CEPII": 663.7891098517861, "OECD": 451.10801706193945, "IIASA": 568.0964509923508, "PIK": 529.961153841127, "distrib norm": [553.2386829368008, 81.98726065866761]}}