{"SSP1": {"CEPII": 75702.13656502464, "OECD": 323.2522226227252, "IIASA": 344.87214594588073, "PIK": 389.2131714117503, "distrib norm": [19189.86852625125, 32731.29647336007]}, "SSP2": {"CEPII": 75802.85831580723, "OECD": 324.55330723678674, "IIASA": 344.2337523722441, "PIK": 388.48962168662564, "distrib norm": [19215.03374927572, 32775.05616278703]}, "SSP3": {"CEPII": 77134.63343646974, "OECD": 324.55843683940213, "IIASA": 341.65197516104104, "PIK": 398.18417671257106, "distrib norm": [19549.757006295687, 33352.52997981139]}, "SSP4": {"CEPII": 78415.55191696584, "OECD": 326.75838330984766, "IIASA": 349.78298658749344, "PIK": 382.6988109503044, "distrib norm": [19868.698024453373, 33909.67004249976]}, "SSP5": {"CEPII": 74159.09302514904, "OECD": 323.01337176545354, "IIASA": 343.62924045084503, "PIK": 393.5554628695663, "distrib norm": [18804.822775058725, 32060.62117031412]}}