{"SSP1": {"CEPII": 133569.3170929234, "OECD": 280.7973269762043, "IIASA": 316.1439091012209, "PIK": 287.1536679312671, "distrib norm": [33613.35299923302, 57892.49407315506]}, "SSP2": {"CEPII": 134715.99964161258, "OECD": 282.36913222778327, "IIASA": 316.25384445863, "PIK": 288.3477015675727, "distrib norm": [33900.74257996664, 58390.17488318844]}, "SSP3": {"CEPII": 142413.59287377598, "OECD": 287.7695691174069, "IIASA": 320.3464991902429, "PIK": 301.0351615398969, "distrib norm": [35830.686025905874, 61730.65536504593]}, "SSP4": {"CEPII": 139335.1290337007, "OECD": 282.551537206962, "IIASA": 316.5683428566739, "PIK": 283.96460112031616, "distrib norm": [35054.55337872116, 60397.18646635091]}, "SSP5": {"CEPII": 127007.8804246387, "OECD": 276.32012895784, "IIASA": 310.7433687185633, "PIK": 283.3585743849941, "distrib norm": [31969.575624175024, 55044.3116321444]}}