{"SSP1": {"CEPII": 3318.873298951994, "OECD": 197.21706023966362, "IIASA": 169.9671430732356, "PIK": 164.93230817276196, "distrib norm": [962.7474526094137, 1365.1958122627855]}, "SSP2": {"CEPII": 3350.512790205434, "OECD": 198.24373090069102, "IIASA": 170.0533248723738, "PIK": 165.41738380366132, "distrib norm": [971.0568074455399, 1378.711207710234]}, "SSP3": {"CEPII": 3535.351083217044, "OECD": 201.52637623833115, "IIASA": 199.46654144448334, "PIK": 170.50228568937018, "distrib norm": [1026.711571647307, 1453.5642906568594]}, "SSP4": {"CEPII": 3280.601664661599, "OECD": 198.53634857184727, "IIASA": 170.2437549740999, "PIK": 163.57054482010406, "distrib norm": [953.2380782569126, 1348.5471312535165]}, "SSP5": {"CEPII": 3163.3674622860212, "OECD": 194.70300698860802, "IIASA": 167.85607979545847, "PIK": 162.87994086533422, "distrib norm": [922.2016224838554, 1298.6106723464516]}}