{"2015": 75230, "2030": {"SSP1": {"CEPII": 120497.97385638773, "OECD": 168692.22099999996, "IIASA": 175648.3212682979, "PIK": 168397.4004818528}, "SSP2": {"CEPII": 115200.55981573017, "OECD": 157721.1, "IIASA": 170052.82490317195, "PIK": 165265.54918753728}, "SSP3": {"CEPII": 100622.80698078693, "OECD": 147603.76000000004, "IIASA": 147547.7596972979, "PIK": 150556.61437391577}, "SSP4": {"CEPII": 112402.73515712634, "OECD": 157264.17600000004, "IIASA": 158172.57566679892, "PIK": 168864.92211194118}, "SSP5": {"CEPII": 134996.70697370486, "OECD": 183592.2, "IIASA": 185847.90373091397, "PIK": 171592.7918068559}}}