{"SSP1": {"CEPII": 200.33748722400657, "OECD": 2751.082, "IIASA": 3659.01493, "PIK": 3083.924078606984}, "SSP2": {"CEPII": 190.0014001216285, "OECD": 2668.773, "IIASA": 3590.506402, "PIK": 3052.059755033567}, "SSP3": {"CEPII": 151.60989989840553, "OECD": 2504.343, "IIASA": 2144.269615, "PIK": 2756.7279014274945}, "SSP4": {"CEPII": 205.42370998790625, "OECD": 2694.187, "IIASA": 3547.247378, "PIK": 3110.083109180593}, "SSP5": {"CEPII": 234.9664891165599, "OECD": 2948.845, "IIASA": 3881.518521, "PIK": 3238.172491439474}}